{
  "arm": "base",
  "n": 162,
  "n_resamples": 1000,
  "summary": {
    "OVERALL": {
      "solve_rate": [
        0.0,
        0.0,
        0.0
      ],
      "groups_correct": [
        0.006172839506172839,
        0.0,
        0.018518518518518517
      ],
      "one_away_rate": [
        0.0,
        0.0,
        0.0
      ],
      "invalid_rate": [
        0.32098765432098764,
        0.24691358024691357,
        0.3888888888888889
      ],
      "reward": [
        0.04907407407407408,
        0.03270833333333333,
        0.06574074074074074
      ]
    },
    "category": {
      "solve_rate": [
        0.0,
        0.0,
        0.0
      ],
      "groups_correct": [
        0.014492753623188406,
        0.0,
        0.043478260869565216
      ],
      "one_away_rate": [
        0.0,
        0.0,
        0.0
      ],
      "invalid_rate": [
        0.36231884057971014,
        0.2463768115942029,
        0.4782608695652174
      ],
      "reward": [
        0.04202898550724638,
        0.01666666666666667,
        0.07028985507246377
      ]
    },
    "cultural": {
      "solve_rate": [
        0.0,
        0.0,
        0.0
      ],
      "groups_correct": [
        0.0,
        0.0,
        0.0
      ],
      "one_away_rate": [
        0.0,
        0.0,
        0.0
      ],
      "invalid_rate": [
        0.35714285714285715,
        0.17857142857142858,
        0.5357142857142857
      ],
      "reward": [
        0.0375,
        -0.0017857142857142852,
        0.075
      ]
    },
    "tag-fillin": {
      "solve_rate": [
        0.0,
        0.0,
        0.0
      ],
      "groups_correct": [
        0.0,
        0.0,
        0.0
      ],
      "one_away_rate": [
        0.0,
        0.0,
        0.0
      ],
      "invalid_rate": [
        0.225,
        0.1,
        0.35
      ],
      "reward": [
        0.07125000000000001,
        0.041218750000000005,
        0.1
      ]
    },
    "wordplay": {
      "solve_rate": [
        0.0,
        0.0,
        0.0
      ],
      "groups_correct": [
        0.0,
        0.0,
        0.0
      ],
      "one_away_rate": [
        0.0,
        0.0,
        0.0
      ],
      "invalid_rate": [
        0.2857142857142857,
        0.09523809523809523,
        0.5238095238095238
      ],
      "reward": [
        0.05238095238095238,
        0.004761904761904762,
        0.09523809523809523
      ]
    },
    "silent-letter": {
      "solve_rate": [
        0.0,
        0.0,
        0.0
      ],
      "groups_correct": [
        0.0,
        0.0,
        0.0
      ],
      "one_away_rate": [
        0.0,
        0.0,
        0.0
      ],
      "invalid_rate": [
        0.5,
        0.0,
        1.0
      ],
      "reward": [
        0.012500000000000004,
        -0.1,
        0.125
      ]
    }
  },
  "groups_correct_distribution": {
    "0": 161,
    "1": 1,
    "2": 0,
    "3": 0,
    "4": 0
  }
}