{
  "arm": "base",
  "n": 162,
  "n_resamples": 1000,
  "summary": {
    "OVERALL": {
      "solve_rate": [
        0.0,
        0.0,
        0.0
      ],
      "groups_correct": [
        0.16049382716049382,
        0.10493827160493827,
        0.2222222222222222
      ],
      "one_away_rate": [
        0.0,
        0.0,
        0.0
      ],
      "invalid_rate": [
        0.06790123456790123,
        0.030864197530864196,
        0.1111111111111111
      ],
      "reward": [
        0.1654320987654321,
        0.14659722222222224,
        0.18580246913580248
      ]
    },
    "category": {
      "solve_rate": [
        0.0,
        0.0,
        0.0
      ],
      "groups_correct": [
        0.17391304347826086,
        0.08695652173913043,
        0.2753623188405797
      ],
      "one_away_rate": [
        0.0,
        0.0,
        0.0
      ],
      "invalid_rate": [
        0.057971014492753624,
        0.014492753623188406,
        0.13043478260869565
      ],
      "reward": [
        0.1681159420289855,
        0.13623188405797101,
        0.19929347826086954
      ]
    },
    "cultural": {
      "solve_rate": [
        0.0,
        0.0,
        0.0
      ],
      "groups_correct": [
        0.21428571428571427,
        0.07142857142857142,
        0.39285714285714285
      ],
      "one_away_rate": [
        0.0,
        0.0,
        0.0
      ],
      "invalid_rate": [
        0.07142857142857142,
        0.0,
        0.17857142857142858
      ],
      "reward": [
        0.18571428571428572,
        0.13571428571428573,
        0.2393303571428571
      ]
    },
    "tag-fillin": {
      "solve_rate": [
        0.0,
        0.0,
        0.0
      ],
      "groups_correct": [
        0.175,
        0.075,
        0.3
      ],
      "one_away_rate": [
        0.0,
        0.0,
        0.0
      ],
      "invalid_rate": [
        0.075,
        0.0,
        0.15062499999999943
      ],
      "reward": [
        0.17625,
        0.13375,
        0.22003124999999998
      ]
    },
    "wordplay": {
      "solve_rate": [
        0.0,
        0.0,
        0.0
      ],
      "groups_correct": [
        0.047619047619047616,
        0.0,
        0.14285714285714285
      ],
      "one_away_rate": [
        0.0,
        0.0,
        0.0
      ],
      "invalid_rate": [
        0.09523809523809523,
        0.0,
        0.23809523809523808
      ],
      "reward": [
        0.11666666666666667,
        0.07857142857142858,
        0.15476190476190477
      ]
    },
    "silent-letter": {
      "solve_rate": [
        0.0,
        0.0,
        0.0
      ],
      "groups_correct": [
        0.0,
        0.0,
        0.0
      ],
      "one_away_rate": [
        0.0,
        0.0,
        0.0
      ],
      "invalid_rate": [
        0.0,
        0.0,
        0.0
      ],
      "reward": [
        0.125,
        0.1,
        0.15000000000000002
      ]
    }
  },
  "groups_correct_distribution": {
    "0": 137,
    "1": 24,
    "2": 1,
    "3": 0,
    "4": 0
  }
}