{
  "arm": "sft",
  "n": 162,
  "n_resamples": 1000,
  "summary": {
    "OVERALL": {
      "solve_rate": [
        0.012345679012345678,
        0.0,
        0.030864197530864196
      ],
      "groups_correct": [
        0.345679012345679,
        0.24074074074074073,
        0.4567901234567901
      ],
      "one_away_rate": [
        0.0,
        0.0,
        0.0
      ],
      "invalid_rate": [
        0.2222222222222222,
        0.16049382716049382,
        0.2839506172839506
      ],
      "reward": [
        0.19691358024691358,
        0.15616512345679012,
        0.2373533950617284
      ]
    },
    "category": {
      "solve_rate": [
        0.014492753623188406,
        0.0,
        0.043478260869565216
      ],
      "groups_correct": [
        0.36231884057971014,
        0.2028985507246377,
        0.5652173913043478
      ],
      "one_away_rate": [
        0.0,
        0.0,
        0.0
      ],
      "invalid_rate": [
        0.2463768115942029,
        0.14492753623188406,
        0.34782608695652173
      ],
      "reward": [
        0.19855072463768114,
        0.13695652173913045,
        0.2688405797101449
      ]
    },
    "cultural": {
      "solve_rate": [
        0.03571428571428571,
        0.0,
        0.10714285714285714
      ],
      "groups_correct": [
        0.35714285714285715,
        0.10625000000000004,
        0.75
      ],
      "one_away_rate": [
        0.0,
        0.0,
        0.0
      ],
      "invalid_rate": [
        0.25,
        0.10714285714285714,
        0.42857142857142855
      ],
      "reward": [
        0.21607142857142855,
        0.10535714285714286,
        0.3679910714285713
      ]
    },
    "tag-fillin": {
      "solve_rate": [
        0.0,
        0.0,
        0.0
      ],
      "groups_correct": [
        0.325,
        0.15,
        0.5
      ],
      "one_away_rate": [
        0.0,
        0.0,
        0.0
      ],
      "invalid_rate": [
        0.175,
        0.075,
        0.3
      ],
      "reward": [
        0.18875,
        0.13,
        0.25003125
      ]
    },
    "wordplay": {
      "solve_rate": [
        0.0,
        0.0,
        0.0
      ],
      "groups_correct": [
        0.38095238095238093,
        0.14285714285714285,
        0.6666666666666666
      ],
      "one_away_rate": [
        0.0,
        0.0,
        0.0
      ],
      "invalid_rate": [
        0.14285714285714285,
        0.0,
        0.3333333333333333
      ],
      "reward": [
        0.21428571428571427,
        0.12380952380952381,
        0.30476190476190473
      ]
    },
    "silent-letter": {
      "solve_rate": [
        0.0,
        0.0,
        0.0
      ],
      "groups_correct": [
        0.0,
        0.0,
        0.0
      ],
      "one_away_rate": [
        0.0,
        0.0,
        0.0
      ],
      "invalid_rate": [
        0.5,
        0.0,
        1.0
      ],
      "reward": [
        0.025,
        -0.1,
        0.15000000000000002
      ]
    }
  },
  "groups_correct_distribution": {
    "0": 124,
    "1": 24,
    "2": 12,
    "3": 0,
    "4": 2
  }
}