{
  "base_vs_sft": {
    "n_paired": 162,
    "a_solve_rate": 0.0,
    "b_solve_rate": 0.012345679012345678,
    "mcnemar_p": 0.5,
    "solve_rate_diff_ci": [
      -0.012345679012345678,
      -0.030864197530864196,
      0.0
    ],
    "discordant_a_only": 0,
    "discordant_b_only": 2
  },
  "base_vs_grpo": {
    "n_paired": 162,
    "a_solve_rate": 0.0,
    "b_solve_rate": 0.0,
    "mcnemar_p": 1.0,
    "solve_rate_diff_ci": [
      0.0,
      0.0,
      0.0
    ],
    "discordant_a_only": 0,
    "discordant_b_only": 0
  },
  "sft_vs_grpo": {
    "n_paired": 162,
    "a_solve_rate": 0.012345679012345678,
    "b_solve_rate": 0.0,
    "mcnemar_p": 0.5,
    "solve_rate_diff_ci": [
      0.012345679012345678,
      0.0,
      0.030864197530864196
    ],
    "discordant_a_only": 2,
    "discordant_b_only": 0
  }
}