{
  "arm": "grpo",
  "n": 162,
  "n_resamples": 1000,
  "summary": {
    "OVERALL": {
      "solve_rate": [
        0.0,
        0.0,
        0.0
      ],
      "groups_correct": [
        0.006172839506172839,
        0.0,
        0.018518518518518517
      ],
      "one_away_rate": [
        0.0,
        0.0,
        0.0
      ],
      "invalid_rate": [
        0.024691358024691357,
        0.006172839506172839,
        0.05555555555555555
      ],
      "reward": [
        0.11327160493827161,
        0.10555555555555557,
        0.12037037037037036
      ]
    },
    "category": {
      "solve_rate": [
        0.0,
        0.0,
        0.0
      ],
      "groups_correct": [
        0.014492753623188406,
        0.0,
        0.043478260869565216
      ],
      "one_away_rate": [
        0.0,
        0.0,
        0.0
      ],
      "invalid_rate": [
        0.028985507246376812,
        0.0,
        0.07246376811594203
      ],
      "reward": [
        0.1101449275362319,
        0.09855072463768116,
        0.1210144927536232
      ]
    },
    "cultural": {
      "solve_rate": [
        0.0,
        0.0,
        0.0
      ],
      "groups_correct": [
        0.0,
        0.0,
        0.0
      ],
      "one_away_rate": [
        0.0,
        0.0,
        0.0
      ],
      "invalid_rate": [
        0.0,
        0.0,
        0.0
      ],
      "reward": [
        0.11785714285714287,
        0.10714285714285714,
        0.1286160714285714
      ]
    },
    "tag-fillin": {
      "solve_rate": [
        0.0,
        0.0,
        0.0
      ],
      "groups_correct": [
        0.0,
        0.0,
        0.0
      ],
      "one_away_rate": [
        0.0,
        0.0,
        0.0
      ],
      "invalid_rate": [
        0.05,
        0.0,
        0.125
      ],
      "reward": [
        0.11000000000000001,
        0.09125000000000001,
        0.12500000000000003
      ]
    },
    "wordplay": {
      "solve_rate": [
        0.0,
        0.0,
        0.0
      ],
      "groups_correct": [
        0.0,
        0.0,
        0.0
      ],
      "one_away_rate": [
        0.0,
        0.0,
        0.0
      ],
      "invalid_rate": [
        0.0,
        0.0,
        0.0
      ],
      "reward": [
        0.12142857142857144,
        0.10714285714285714,
        0.1357738095238095
      ]
    },
    "silent-letter": {
      "solve_rate": [
        0.0,
        0.0,
        0.0
      ],
      "groups_correct": [
        0.0,
        0.0,
        0.0
      ],
      "one_away_rate": [
        0.0,
        0.0,
        0.0
      ],
      "invalid_rate": [
        0.0,
        0.0,
        0.0
      ],
      "reward": [
        0.125,
        0.1,
        0.15000000000000002
      ]
    }
  },
  "groups_correct_distribution": {
    "0": 161,
    "1": 1,
    "2": 0,
    "3": 0,
    "4": 0
  }
}