{
  "arm": "sft",
  "n": 162,
  "n_resamples": 1000,
  "summary": {
    "OVERALL": {
      "solve_rate": [
        0.0,
        0.0,
        0.0
      ],
      "groups_correct": [
        0.012345679012345678,
        0.0,
        0.030864197530864196
      ],
      "one_away_rate": [
        0.0,
        0.0,
        0.0
      ],
      "invalid_rate": [
        0.7407407407407407,
        0.6728395061728395,
        0.8024691358024691
      ],
      "reward": [
        -0.03827160493827161,
        -0.05402006172839506,
        -0.020671296296296306
      ]
    },
    "category": {
      "solve_rate": [
        0.0,
        0.0,
        0.0
      ],
      "groups_correct": [
        0.0,
        0.0,
        0.0
      ],
      "one_away_rate": [
        0.0,
        0.0,
        0.0
      ],
      "invalid_rate": [
        0.7246376811594203,
        0.6231884057971014,
        0.8260869565217391
      ],
      "reward": [
        -0.034057971014492754,
        -0.058713768115942026,
        -0.007246376811594203
      ]
    },
    "cultural": {
      "solve_rate": [
        0.0,
        0.0,
        0.0
      ],
      "groups_correct": [
        0.0,
        0.0,
        0.0
      ],
      "one_away_rate": [
        0.0,
        0.0,
        0.0
      ],
      "invalid_rate": [
        0.7142857142857143,
        0.5705357142857144,
        0.8928571428571429
      ],
      "reward": [
        -0.0375,
        -0.07321428571428572,
        -0.0017410714285714679
      ]
    },
    "tag-fillin": {
      "solve_rate": [
        0.0,
        0.0,
        0.0
      ],
      "groups_correct": [
        0.025,
        0.0,
        0.075
      ],
      "one_away_rate": [
        0.0,
        0.0,
        0.0
      ],
      "invalid_rate": [
        0.75,
        0.6,
        0.875
      ],
      "reward": [
        -0.04,
        -0.07250000000000001,
        -0.0012187500000000288
      ]
    },
    "wordplay": {
      "solve_rate": [
        0.0,
        0.0,
        0.0
      ],
      "groups_correct": [
        0.0,
        0.0,
        0.0
      ],
      "one_away_rate": [
        0.0,
        0.0,
        0.0
      ],
      "invalid_rate": [
        0.8095238095238095,
        0.6190476190476191,
        0.9523809523809523
      ],
      "reward": [
        -0.05952380952380952,
        -0.09047619047619049,
        -0.02142857142857143
      ]
    },
    "silent-letter": {
      "solve_rate": [
        0.0,
        0.0,
        0.0
      ],
      "groups_correct": [
        0.25,
        0.0,
        0.75
      ],
      "one_away_rate": [
        0.0,
        0.0,
        0.0
      ],
      "invalid_rate": [
        0.75,
        0.25,
        1.0
      ],
      "reward": [
        0.01249999999999999,
        -0.1,
        0.2375
      ]
    }
  },
  "groups_correct_distribution": {
    "0": 160,
    "1": 2,
    "2": 0,
    "3": 0,
    "4": 0
  }
}