_step,train/global_step,profiling/Time taken: GRPOTrainer._calculate_rewards,profiling/Time taken: GRPOTrainer.connections_reward,train/epoch,train/frac_reward_zero_std,train/reward,train/reward_std,train/rewards/connections_reward/mean,train/rewards/connections_reward/std
0,0,,,,,,,,
1,0,,,,,,,,
2,0,,0.0007006250002632441,,,,,,
3,0,0.0019496380000418867,,,,,,,
4,0,,,,,,,,
5,0,,,,,,,,
6,0,,,,,,,,
7,0,,,,,,,,
8,0,,,,,,,,
9,0,,,,,,,,
10,0,,,,,,,,
11,0,,,,,,,,
12,0,,,,,,,,
13,0,,,,,,,,
14,0,,,,,,,,
15,0,,,,,,,,
16,0,,,,,,,,
17,0,,,,,,,,
18,0,,,,,,,,
19,0,,,,,,,,
20,0,,,,,,,,
21,0,,,,,,,,
22,0,,,,,,,,
23,0,,,,,,,,
24,0,,,,,,,,
25,0,,,,,,,,
26,0,,,,,,,,
27,0,,,,,,,,
28,0,,,,,,,,
29,0,,,,,,,,
30,0,,0.0007752650003567396,,,,,,
31,0,0.0016700520000085817,,,,,,,
32,0,,,,,,,,
33,0,,,,,,,,
34,0,,,,,,,,
35,0,,,,,,,,
36,0,,,,,,,,
37,0,,,,,,,,
38,0,,,,,,,,
39,0,,,,,,,,
40,0,,,,,,,,
41,0,,,,,,,,
42,0,,,,,,,,
43,0,,,,,,,,
44,0,,,,,,,,
45,0,,,,,,,,
46,0,,,,,,,,
47,0,,,,,,,,
48,0,,,,,,,,
49,0,,,,,,,,
50,0,,,,,,,,
51,0,,,,,,,,
52,0,,,,,,,,
53,0,,,,,,,,
54,0,,,,,,,,
55,0,,,,,,,,
56,0,,,,,,,,
57,0,,,,,,,,
58,0,,0.0006822820000706997,,,,,,
59,0,0.0014363469999807421,,,,,,,
60,0,,,,,,,,
61,0,,,,,,,,
62,0,,,,,,,,
63,0,,,,,,,,
64,0,,,,,,,,
65,0,,,,,,,,
66,0,,,,,,,,
67,0,,,,,,,,
68,0,,,,,,,,
69,0,,,,,,,,
70,0,,,,,,,,
71,0,,,,,,,,
72,0,,,,,,,,
73,0,,,,,,,,
74,0,,,,,,,,
75,0,,,,,,,,
76,0,,,,,,,,
77,0,,,,,,,,
78,0,,,,,,,,
79,0,,,,,,,,
80,0,,,,,,,,
81,0,,,,,,,,
82,0,,,,,,,,
83,0,,,,,,,,
84,0,,,,,,,,
85,0,,,,,,,,
86,0,,0.0006784809997952834,,,,,,
87,0,0.0016429389997938415,,,,,,,
88,0,,,,,,,,
89,0,,,,,,,,
90,0,,,,,,,,
91,0,,,,,,,,
92,0,,,,,,,,
93,0,,,,,,,,
94,0,,,,,,,,
95,0,,,,,,,,
96,0,,,,,,,,
97,0,,,,,,,,
98,0,,,,,,,,
99,0,,,,,,,,
100,0,,,,,,,,
101,0,,,,,,,,
102,0,,,,,,,,
103,0,,,,,,,,
104,0,,,,,,,,
105,0,,,,,,,,
106,0,,,,,,,,
107,0,,,,,,,,
108,0,,,,,,,,
109,0,,,,,,,,
110,0,,,,,,,,
111,0,,,,,,,,
112,0,,,,,,,,
113,0,,,,,,,,
114,0,,0.0007063339999149321,,,,,,
115,0,0.0015707140000813524,,,,,,,
116,0,,,,,,,,
117,0,,,,,,,,
118,0,,,,,,,,
119,0,,,,,,,,
120,0,,,,,,,,
121,0,,,,,,,,
122,0,,,,,,,,
123,0,,,,,,,,
124,0,,,,,,,,
125,0,,,,,,,,
126,0,,,,,,,,
127,0,,,,,,,,
128,0,,,,,,,,
129,0,,,,,,,,
130,0,,,,,,,,
131,0,,,,,,,,
132,0,,,,,,,,
133,0,,,,,,,,
134,0,,,,,,,,
135,0,,,,,,,,
136,0,,,,,,,,
137,0,,,,,,,,
138,0,,,,,,,,
139,0,,,,,,,,
140,5,,,0.01240694789081886,0,0.21250001043081285,0.3027635395526886,0.21250001043081285,0.3027635395526886
141,5,,,,,,,,
142,5,,,,,,,,
143,5,,0.0006316240005617146,,,,,,
144,5,0.001534461000119336,,,,,,,
145,5,,,,,,,,
146,5,,,,,,,,
147,5,,,,,,,,
148,5,,,,,,,,
149,5,,,,,,,,
150,5,,,,,,,,
151,5,,,,,,,,
152,5,,,,,,,,
153,5,,,,,,,,
154,5,,,,,,,,
155,5,,,,,,,,
156,5,,,,,,,,
157,5,,,,,,,,
158,5,,,,,,,,
159,5,,,,,,,,
160,5,,,,,,,,
161,5,,,,,,,,
162,5,,,,,,,,
163,5,,,,,,,,
164,5,,,,,,,,
165,5,,,,,,,,
166,5,,,,,,,,
167,5,,,,,,,,
168,5,,,,,,,,
169,5,,,,,,,,
170,5,,,,,,,,
171,5,,0.0006834960004198365,,,,,,
172,5,0.0016745769999033655,,,,,,,
173,5,,,,,,,,
174,5,,,,,,,,
175,5,,,,,,,,
176,5,,,,,,,,
177,5,,,,,,,,
178,5,,,,,,,,
179,5,,,,,,,,
180,5,,,,,,,,
181,5,,,,,,,,
182,5,,,,,,,,
183,5,,,,,,,,
184,5,,,,,,,,
185,5,,,,,,,,
186,5,,,,,,,,
187,5,,,,,,,,
188,5,,,,,,,,
189,5,,,,,,,,
190,5,,,,,,,,
191,5,,,,,,,,
192,5,,,,,,,,
193,5,,,,,,,,
194,5,,,,,,,,
195,5,,,,,,,,
196,5,,,,,,,,
197,5,,,,,,,,
198,5,,,,,,,,
199,5,,0.0007471600001736078,,,,,,
200,5,0.0016679519994795555,,,,,,,
201,5,,,,,,,,
202,5,,,,,,,,
203,5,,,,,,,,
204,5,,,,,,,,
205,5,,,,,,,,
206,5,,,,,,,,
207,5,,,,,,,,
208,5,,,,,,,,
209,5,,,,,,,,
210,5,,,,,,,,
211,5,,,,,,,,
212,5,,,,,,,,
213,5,,,,,,,,
214,5,,,,,,,,
215,5,,,,,,,,
216,5,,,,,,,,
217,5,,,,,,,,
218,5,,,,,,,,
219,5,,,,,,,,
220,5,,,,,,,,
221,5,,,,,,,,
222,5,,,,,,,,
223,5,,,,,,,,
224,5,,,,,,,,
225,5,,,,,,,,
226,5,,,,,,,,
227,5,,0.0006654200005868915,,,,,,
228,5,0.0015039230002003023,,,,,,,
229,5,,,,,,,,
230,5,,,,,,,,
231,5,,,,,,,,
232,5,,,,,,,,
233,5,,,,,,,,
234,5,,,,,,,,
235,5,,,,,,,,
236,5,,,,,,,,
237,5,,,,,,,,
238,5,,,,,,,,
239,5,,,,,,,,
240,5,,,,,,,,
241,5,,,,,,,,
242,5,,,,,,,,
243,5,,,,,,,,
244,5,,,,,,,,
245,5,,,,,,,,
246,5,,,,,,,,
247,5,,,,,,,,
248,5,,,,,,,,
249,5,,,,,,,,
250,5,,,,,,,,
251,5,,,,,,,,
252,5,,,,,,,,
253,5,,,,,,,,
254,5,,,,,,,,
255,5,,0.0006675029999314575,,,,,,
256,5,0.0015395890004583634,,,,,,,
257,5,,,,,,,,
258,5,,,,,,,,
259,5,,,,,,,,
260,5,,,,,,,,
261,5,,,,,,,,
262,5,,,,,,,,
263,5,,,,,,,,
264,5,,,,,,,,
265,5,,,,,,,,
266,5,,,,,,,,
267,5,,,,,,,,
268,5,,,,,,,,
269,5,,,,,,,,
270,5,,,,,,,,
271,5,,,,,,,,
272,5,,,,,,,,
273,5,,,,,,,,
274,5,,,,,,,,
275,5,,,,,,,,
276,5,,,,,,,,
277,5,,,,,,,,
278,5,,,,,,,,
279,5,,,,,,,,
280,5,,,,,,,,
281,10,,,0.02481389578163772,0,0.1475000001490116,0.30316526889801027,0.1475000001490116,0.30316526889801027
282,10,,,,,,,,
283,10,,,,,,,,
284,10,,0.0007855859994378989,,,,,,
285,10,0.001690303000032145,,,,,,,
286,10,,,,,,,,
287,10,,,,,,,,
288,10,,,,,,,,
289,10,,,,,,,,
290,10,,,,,,,,
291,10,,,,,,,,
292,10,,,,,,,,
293,10,,,,,,,,
294,10,,,,,,,,
295,10,,,,,,,,
296,10,,,,,,,,
297,10,,,,,,,,
298,10,,,,,,,,
299,10,,,,,,,,
300,10,,,,,,,,
301,10,,,,,,,,
302,10,,,,,,,,
303,10,,,,,,,,
304,10,,,,,,,,
305,10,,,,,,,,
306,10,,,,,,,,
307,10,,,,,,,,
308,10,,,,,,,,
309,10,,,,,,,,
310,10,,,,,,,,
311,10,,,,,,,,
312,10,,0.0009337249994132435,,,,,,
313,10,0.0020723580000776565,,,,,,,
314,10,,,,,,,,
315,10,,,,,,,,
316,10,,,,,,,,
317,10,,,,,,,,
318,10,,,,,,,,
319,10,,,,,,,,
320,10,,,,,,,,
321,10,,,,,,,,
322,10,,,,,,,,
323,10,,,,,,,,
324,10,,,,,,,,
325,10,,,,,,,,
326,10,,,,,,,,
327,10,,,,,,,,
328,10,,,,,,,,
329,10,,,,,,,,
330,10,,,,,,,,
331,10,,,,,,,,
332,10,,,,,,,,
333,10,,,,,,,,
334,10,,,,,,,,
335,10,,,,,,,,
336,10,,,,,,,,
337,10,,,,,,,,
338,10,,,,,,,,
339,10,,,,,,,,
340,10,,0.0007609290005348157,,,,,,
341,10,0.0015869319995545084,,,,,,,
342,10,,,,,,,,
343,10,,,,,,,,
344,10,,,,,,,,
345,10,,,,,,,,
346,10,,,,,,,,
347,10,,,,,,,,
348,10,,,,,,,,
349,10,,,,,,,,
350,10,,,,,,,,
351,10,,,,,,,,
352,10,,,,,,,,
353,10,,,,,,,,
354,10,,,,,,,,
355,10,,,,,,,,
356,10,,,,,,,,
357,10,,,,,,,,
358,10,,,,,,,,
359,10,,,,,,,,
360,10,,,,,,,,
361,10,,,,,,,,
362,10,,,,,,,,
363,10,,,,,,,,
364,10,,,,,,,,
365,10,,,,,,,,
366,10,,,,,,,,
367,10,,,,,,,,
368,10,,0.0007907030003480031,,,,,,
369,10,0.0019700259999808623,,,,,,,
370,10,,,,,,,,
371,10,,,,,,,,
372,10,,,,,,,,
373,10,,,,,,,,
374,10,,,,,,,,
375,10,,,,,,,,
376,10,,,,,,,,
377,10,,,,,,,,
378,10,,,,,,,,
379,10,,,,,,,,
380,10,,,,,,,,
381,10,,,,,,,,
382,10,,,,,,,,
383,10,,,,,,,,
384,10,,,,,,,,
385,10,,,,,,,,
386,10,,,,,,,,
387,10,,,,,,,,
388,10,,,,,,,,
389,10,,,,,,,,
390,10,,,,,,,,
391,10,,,,,,,,
392,10,,,,,,,,
393,10,,,,,,,,
394,10,,,,,,,,
395,10,,,,,,,,
396,10,,0.0007422300004691351,,,,,,
397,10,0.0016359679993911413,,,,,,,
398,10,,,,,,,,
399,10,,,,,,,,
400,10,,,,,,,,
401,10,,,,,,,,
402,10,,,,,,,,
403,10,,,,,,,,
404,10,,,,,,,,
405,10,,,,,,,,
406,10,,,,,,,,
407,10,,,,,,,,
408,10,,,,,,,,
409,10,,,,,,,,
410,10,,,,,,,,
411,10,,,,,,,,
412,10,,,,,,,,
413,10,,,,,,,,
414,10,,,,,,,,
415,10,,,,,,,,
416,10,,,,,,,,
417,10,,,,,,,,
418,10,,,,,,,,
419,10,,,,,,,,
420,10,,,,,,,,
421,10,,,,,,,,
422,15,,,0.03722084367245657,0,0.26687499284744265,0.3322504758834839,0.26687499284744265,0.3322504758834839
423,15,,,,,,,,
424,15,,,,,,,,
425,15,,0.0007196709993877448,,,,,,
426,15,0.0015696390000812244,,,,,,,
427,15,,,,,,,,
428,15,,,,,,,,
429,15,,,,,,,,
430,15,,,,,,,,
431,15,,,,,,,,
432,15,,,,,,,,
433,15,,,,,,,,
434,15,,,,,,,,
435,15,,,,,,,,
436,15,,,,,,,,
437,15,,,,,,,,
438,15,,,,,,,,
439,15,,,,,,,,
440,15,,,,,,,,
441,15,,,,,,,,
442,15,,,,,,,,
443,15,,,,,,,,
444,15,,,,,,,,
445,15,,,,,,,,
446,15,,,,,,,,
447,15,,,,,,,,
448,15,,,,,,,,
449,15,,,,,,,,
450,15,,,,,,,,
451,15,,,,,,,,
452,15,,,,,,,,
453,15,,0.0007307570003831643,,,,,,
454,15,0.0017154019997178693,,,,,,,
455,15,,,,,,,,
456,15,,,,,,,,
457,15,,,,,,,,
458,15,,,,,,,,
459,15,,,,,,,,
460,15,,,,,,,,
461,15,,,,,,,,
462,15,,,,,,,,
463,15,,,,,,,,
464,15,,,,,,,,
465,15,,,,,,,,
466,15,,,,,,,,
467,15,,,,,,,,
468,15,,,,,,,,
469,15,,,,,,,,
470,15,,,,,,,,
471,15,,,,,,,,
472,15,,,,,,,,
473,15,,,,,,,,
474,15,,,,,,,,
475,15,,,,,,,,
476,15,,,,,,,,
477,15,,,,,,,,
478,15,,,,,,,,
479,15,,,,,,,,
480,15,,,,,,,,
481,15,,0.0010698859996409738,,,,,,
482,15,0.0019841639996229787,,,,,,,
483,15,,,,,,,,
484,15,,,,,,,,
485,15,,,,,,,,
486,15,,,,,,,,
487,15,,,,,,,,
488,15,,,,,,,,
489,15,,,,,,,,
490,15,,,,,,,,
491,15,,,,,,,,
492,15,,,,,,,,
493,15,,,,,,,,
494,15,,,,,,,,
495,15,,,,,,,,
496,15,,,,,,,,
497,15,,,,,,,,
498,15,,,,,,,,
499,15,,,,,,,,
500,15,,,,,,,,
501,15,,,,,,,,
502,15,,,,,,,,
503,15,,,,,,,,
504,15,,,,,,,,
505,15,,,,,,,,
506,15,,,,,,,,
507,15,,,,,,,,
508,15,,,,,,,,
509,15,,0.0007149980001486256,,,,,,
510,15,0.0017600470000616042,,,,,,,
511,15,,,,,,,,
512,15,,,,,,,,
513,15,,,,,,,,
514,15,,,,,,,,
515,15,,,,,,,,
516,15,,,,,,,,
517,15,,,,,,,,
518,15,,,,,,,,
519,15,,,,,,,,
520,15,,,,,,,,
521,15,,,,,,,,
522,15,,,,,,,,
523,15,,,,,,,,
524,15,,,,,,,,
525,15,,,,,,,,
526,15,,,,,,,,
527,15,,,,,,,,
528,15,,,,,,,,
529,15,,,,,,,,
530,15,,,,,,,,
531,15,,,,,,,,
532,15,,,,,,,,
533,15,,,,,,,,
534,15,,,,,,,,
535,15,,,,,,,,
536,15,,,,,,,,
537,15,,0.00068773700058955,,,,,,
538,15,0.0016774229998191004,,,,,,,
539,15,,,,,,,,
540,15,,,,,,,,
541,15,,,,,,,,
542,15,,,,,,,,
543,15,,,,,,,,
544,15,,,,,,,,
545,15,,,,,,,,
546,15,,,,,,,,
547,15,,,,,,,,
548,15,,,,,,,,
549,15,,,,,,,,
550,15,,,,,,,,
551,15,,,,,,,,
552,15,,,,,,,,
553,15,,,,,,,,
554,15,,,,,,,,
555,15,,,,,,,,
556,15,,,,,,,,
557,15,,,,,,,,
558,15,,,,,,,,
559,15,,,,,,,,
560,15,,,,,,,,
561,15,,,,,,,,
562,15,,,,,,,,
563,20,,,0.04962779156327544,0,0.28750000298023226,0.28276991546154023,0.28750000298023226,0.28276991546154023
564,20,,,,,,,,
565,20,,,,,,,,
566,20,,0.0006946419998712372,,,,,,
567,20,0.001624773000003188,,,,,,,
568,20,,,,,,,,
569,20,,,,,,,,
570,20,,,,,,,,
571,20,,,,,,,,
572,20,,,,,,,,
573,20,,,,,,,,
574,20,,,,,,,,
575,20,,,,,,,,
576,20,,,,,,,,
577,20,,,,,,,,
578,20,,,,,,,,
579,20,,,,,,,,
580,20,,,,,,,,
581,20,,,,,,,,
582,20,,,,,,,,
583,20,,,,,,,,
584,20,,,,,,,,
585,20,,,,,,,,
586,20,,,,,,,,
587,20,,,,,,,,
588,20,,,,,,,,
589,20,,,,,,,,
590,20,,,,,,,,
591,20,,,,,,,,
592,20,,,,,,,,
593,20,,,,,,,,
594,20,,0.0007072059997881297,,,,,,
595,20,0.0016860789992279024,,,,,,,
596,20,,,,,,,,
597,20,,,,,,,,
598,20,,,,,,,,
599,20,,,,,,,,
600,20,,,,,,,,
601,20,,,,,,,,
602,20,,,,,,,,
603,20,,,,,,,,
604,20,,,,,,,,
605,20,,,,,,,,
606,20,,,,,,,,
607,20,,,,,,,,
608,20,,,,,,,,
609,20,,,,,,,,
610,20,,,,,,,,
611,20,,,,,,,,
612,20,,,,,,,,
613,20,,,,,,,,
614,20,,,,,,,,
615,20,,,,,,,,
616,20,,,,,,,,
617,20,,,,,,,,
618,20,,,,,,,,
619,20,,,,,,,,
620,20,,,,,,,,
621,20,,,,,,,,
622,20,,0.0006880129994897288,,,,,,
623,20,0.0016653900001983857,,,,,,,
624,20,,,,,,,,
625,20,,,,,,,,
626,20,,,,,,,,
627,20,,,,,,,,
628,20,,,,,,,,
629,20,,,,,,,,
630,20,,,,,,,,
631,20,,,,,,,,
632,20,,,,,,,,
633,20,,,,,,,,
634,20,,,,,,,,
635,20,,,,,,,,
636,20,,,,,,,,
637,20,,,,,,,,
638,20,,,,,,,,
639,20,,,,,,,,
640,20,,,,,,,,
641,20,,,,,,,,
642,20,,,,,,,,
643,20,,,,,,,,
644,20,,,,,,,,
645,20,,,,,,,,
646,20,,,,,,,,
647,20,,,,,,,,
648,20,,,,,,,,
649,20,,,,,,,,
650,20,,0.000699341999279568,,,,,,
651,20,0.0015658849997635116,,,,,,,
652,20,,,,,,,,
653,20,,,,,,,,
654,20,,,,,,,,
655,20,,,,,,,,
656,20,,,,,,,,
657,20,,,,,,,,
658,20,,,,,,,,
659,20,,,,,,,,
660,20,,,,,,,,
661,20,,,,,,,,
662,20,,,,,,,,
663,20,,,,,,,,
664,20,,,,,,,,
665,20,,,,,,,,
666,20,,,,,,,,
667,20,,,,,,,,
668,20,,,,,,,,
669,20,,,,,,,,
670,20,,,,,,,,
671,20,,,,,,,,
672,20,,,,,,,,
673,20,,,,,,,,
674,20,,,,,,,,
675,20,,,,,,,,
676,20,,,,,,,,
677,20,,,,,,,,
678,20,,0.0006830329994045314,,,,,,
679,20,0.0014592119996450492,,,,,,,
680,20,,,,,,,,
681,20,,,,,,,,
682,20,,,,,,,,
683,20,,,,,,,,
684,20,,,,,,,,
685,20,,,,,,,,
686,20,,,,,,,,
687,20,,,,,,,,
688,20,,,,,,,,
689,20,,,,,,,,
690,20,,,,,,,,
691,20,,,,,,,,
692,20,,,,,,,,
693,20,,,,,,,,
694,20,,,,,,,,
695,20,,,,,,,,
696,20,,,,,,,,
697,20,,,,,,,,
698,20,,,,,,,,
699,20,,,,,,,,
700,20,,,,,,,,
701,20,,,,,,,,
702,20,,,,,,,,
703,20,,,,,,,,
704,25,,,0.062034739454094295,0,0.3175000011920929,0.3395773768424988,0.3175000011920929,0.3395773768424988
705,25,,,,,,,,
706,25,,,,,,,,
707,25,,0.0007127809994926793,,,,,,
708,25,0.001576017999468604,,,,,,,
709,25,,,,,,,,
710,25,,,,,,,,
711,25,,,,,,,,
712,25,,,,,,,,
713,25,,,,,,,,
714,25,,,,,,,,
715,25,,,,,,,,
716,25,,,,,,,,
717,25,,,,,,,,
718,25,,,,,,,,
719,25,,,,,,,,
720,25,,,,,,,,
721,25,,,,,,,,
722,25,,,,,,,,
723,25,,,,,,,,
724,25,,,,,,,,
725,25,,,,,,,,
726,25,,,,,,,,
727,25,,,,,,,,
728,25,,,,,,,,
729,25,,,,,,,,
730,25,,,,,,,,
731,25,,,,,,,,
732,25,,,,,,,,
733,25,,,,,,,,
734,25,,,,,,,,
735,25,,0.0007023859998298576,,,,,,
736,25,0.0017017680002027191,,,,,,,
737,25,,,,,,,,
738,25,,,,,,,,
739,25,,,,,,,,
740,25,,,,,,,,
741,25,,,,,,,,
742,25,,,,,,,,
743,25,,,,,,,,
744,25,,,,,,,,
745,25,,,,,,,,
746,25,,,,,,,,
747,25,,,,,,,,
748,25,,,,,,,,
749,25,,,,,,,,
750,25,,,,,,,,
751,25,,,,,,,,
752,25,,,,,,,,
753,25,,,,,,,,
754,25,,,,,,,,
755,25,,,,,,,,
756,25,,,,,,,,
757,25,,,,,,,,
758,25,,,,,,,,
759,25,,,,,,,,
760,25,,,,,,,,
761,25,,,,,,,,
762,25,,,,,,,,
763,25,,0.0008956780002336018,,,,,,
764,25,0.0018936719998237095,,,,,,,
765,25,,,,,,,,
766,25,,,,,,,,
767,25,,,,,,,,
768,25,,,,,,,,
769,25,,,,,,,,
770,25,,,,,,,,
771,25,,,,,,,,
772,25,,,,,,,,
773,25,,,,,,,,
774,25,,,,,,,,
775,25,,,,,,,,
776,25,,,,,,,,
777,25,,,,,,,,
778,25,,,,,,,,
779,25,,,,,,,,
780,25,,,,,,,,
781,25,,,,,,,,
782,25,,,,,,,,
783,25,,,,,,,,
784,25,,,,,,,,
785,25,,,,,,,,
786,25,,,,,,,,
787,25,,,,,,,,
788,25,,,,,,,,
789,25,,,,,,,,
790,25,,,,,,,,
791,25,,0.0007699520001551718,,,,,,
792,25,0.0016919469999265857,,,,,,,
793,25,,,,,,,,
794,25,,,,,,,,
795,25,,,,,,,,
796,25,,,,,,,,
797,25,,,,,,,,
798,25,,,,,,,,
799,25,,,,,,,,
800,25,,,,,,,,
801,25,,,,,,,,
802,25,,,,,,,,
803,25,,,,,,,,
804,25,,,,,,,,
805,25,,,,,,,,
806,25,,,,,,,,
807,25,,,,,,,,
808,25,,,,,,,,
809,25,,,,,,,,
810,25,,,,,,,,
811,25,,,,,,,,
812,25,,,,,,,,
813,25,,,,,,,,
814,25,,,,,,,,
815,25,,,,,,,,
816,25,,,,,,,,
817,25,,,,,,,,
818,25,,,,,,,,
819,25,,0.0007703069995841361,,,,,,
820,25,0.0017641799995544716,,,,,,,
821,25,,,,,,,,
822,25,,,,,,,,
823,25,,,,,,,,
824,25,,,,,,,,
825,25,,,,,,,,
826,25,,,,,,,,
827,25,,,,,,,,
828,25,,,,,,,,
829,25,,,,,,,,
830,25,,,,,,,,
831,25,,,,,,,,
832,25,,,,,,,,
833,25,,,,,,,,
834,25,,,,,,,,
835,25,,,,,,,,
836,25,,,,,,,,
837,25,,,,,,,,
838,25,,,,,,,,
839,25,,,,,,,,
840,25,,,,,,,,
841,25,,,,,,,,
842,25,,,,,,,,
843,25,,,,,,,,
844,25,,,,,,,,
845,30,,,0.07444168734491315,0,0.2581250011920929,0.2681339681148529,0.2581250011920929,0.2681339681148529
846,30,,,,,,,,
847,30,,,,,,,,
848,30,,0.0007615589993292815,,,,,,
849,30,0.0016419359999417793,,,,,,,
850,30,,,,,,,,
851,30,,,,,,,,
852,30,,,,,,,,
853,30,,,,,,,,
854,30,,,,,,,,
855,30,,,,,,,,
856,30,,,,,,,,
857,30,,,,,,,,
858,30,,,,,,,,
859,30,,,,,,,,
860,30,,,,,,,,
861,30,,,,,,,,
862,30,,,,,,,,
863,30,,,,,,,,
864,30,,,,,,,,
865,30,,,,,,,,
866,30,,,,,,,,
867,30,,,,,,,,
868,30,,,,,,,,
869,30,,,,,,,,
870,30,,,,,,,,
871,30,,,,,,,,
872,30,,,,,,,,
873,30,,,,,,,,
874,30,,,,,,,,
875,30,,,,,,,,
876,30,,0.000705164999999397,,,,,,
877,30,0.0017650230001891032,,,,,,,
878,30,,,,,,,,
879,30,,,,,,,,
880,30,,,,,,,,
881,30,,,,,,,,
882,30,,,,,,,,
883,30,,,,,,,,
884,30,,,,,,,,
885,30,,,,,,,,
886,30,,,,,,,,
887,30,,,,,,,,
888,30,,,,,,,,
889,30,,,,,,,,
890,30,,,,,,,,
891,30,,,,,,,,
892,30,,,,,,,,
893,30,,,,,,,,
894,30,,,,,,,,
895,30,,,,,,,,
896,30,,,,,,,,
897,30,,,,,,,,
898,30,,,,,,,,
899,30,,,,,,,,
900,30,,,,,,,,
901,30,,,,,,,,
902,30,,,,,,,,
903,30,,,,,,,,
904,30,,0.0006636519992753165,,,,,,
905,30,0.001752365999891481,,,,,,,
906,30,,,,,,,,
907,30,,,,,,,,
908,30,,,,,,,,
909,30,,,,,,,,
910,30,,,,,,,,
911,30,,,,,,,,
912,30,,,,,,,,
913,30,,,,,,,,
914,30,,,,,,,,
915,30,,,,,,,,
916,30,,,,,,,,
917,30,,,,,,,,
918,30,,,,,,,,
919,30,,,,,,,,
920,30,,,,,,,,
921,30,,,,,,,,
922,30,,,,,,,,
923,30,,,,,,,,
924,30,,,,,,,,
925,30,,,,,,,,
926,30,,,,,,,,
927,30,,,,,,,,
928,30,,,,,,,,
929,30,,,,,,,,
930,30,,,,,,,,
931,30,,,,,,,,
932,30,,0.0007278660004885751,,,,,,
933,30,0.001631815000109782,,,,,,,
934,30,,,,,,,,
935,30,,,,,,,,
936,30,,,,,,,,
937,30,,,,,,,,
938,30,,,,,,,,
939,30,,,,,,,,
940,30,,,,,,,,
941,30,,,,,,,,
942,30,,,,,,,,
943,30,,,,,,,,
944,30,,,,,,,,
945,30,,,,,,,,
946,30,,,,,,,,
947,30,,,,,,,,
948,30,,,,,,,,
949,30,,,,,,,,
950,30,,,,,,,,
951,30,,,,,,,,
952,30,,,,,,,,
953,30,,,,,,,,
954,30,,,,,,,,
955,30,,,,,,,,
956,30,,,,,,,,
957,30,,,,,,,,
958,30,,,,,,,,
959,30,,,,,,,,
960,30,,0.0007078819999151165,,,,,,
961,30,0.0015985419995558914,,,,,,,
962,30,,,,,,,,
963,30,,,,,,,,
964,30,,,,,,,,
965,30,,,,,,,,
966,30,,,,,,,,
967,30,,,,,,,,
968,30,,,,,,,,
969,30,,,,,,,,
970,30,,,,,,,,
971,30,,,,,,,,
972,30,,,,,,,,
973,30,,,,,,,,
974,30,,,,,,,,
975,30,,,,,,,,
976,30,,,,,,,,
977,30,,,,,,,,
978,30,,,,,,,,
979,30,,,,,,,,
980,30,,,,,,,,
981,30,,,,,,,,
982,30,,,,,,,,
983,30,,,,,,,,
984,30,,,,,,,,
985,30,,,,,,,,
986,35,,,0.08684863523573201,0,0.3543750047683716,0.3450654476881027,0.3543750047683716,0.3450654476881027
987,35,,,,,,,,
988,35,,,,,,,,
989,35,,0.0006877220002934337,,,,,,
990,35,0.0016409959998782142,,,,,,,
991,35,,,,,,,,
992,35,,,,,,,,
993,35,,,,,,,,
994,35,,,,,,,,
995,35,,,,,,,,
996,35,,,,,,,,
997,35,,,,,,,,
998,35,,,,,,,,
999,35,,,,,,,,
1000,35,,,,,,,,
1001,35,,,,,,,,
1002,35,,,,,,,,
1003,35,,,,,,,,
1004,35,,,,,,,,
1005,35,,,,,,,,
1006,35,,,,,,,,
1007,35,,,,,,,,
1008,35,,,,,,,,
1009,35,,,,,,,,
1010,35,,,,,,,,
1011,35,,,,,,,,
1012,35,,,,,,,,
1013,35,,,,,,,,
1014,35,,,,,,,,
1015,35,,,,,,,,
1016,35,,,,,,,,
1017,35,,0.000676605000080599,,,,,,
1018,35,0.0014470650003204355,,,,,,,
1019,35,,,,,,,,
1020,35,,,,,,,,
1021,35,,,,,,,,
1022,35,,,,,,,,
1023,35,,,,,,,,
1024,35,,,,,,,,
1025,35,,,,,,,,
1026,35,,,,,,,,
1027,35,,,,,,,,
1028,35,,,,,,,,
1029,35,,,,,,,,
1030,35,,,,,,,,
1031,35,,,,,,,,
1032,35,,,,,,,,
1033,35,,,,,,,,
1034,35,,,,,,,,
1035,35,,,,,,,,
1036,35,,,,,,,,
1037,35,,,,,,,,
1038,35,,,,,,,,
1039,35,,,,,,,,
1040,35,,,,,,,,
1041,35,,,,,,,,
1042,35,,,,,,,,
1043,35,,,,,,,,
1044,35,,,,,,,,
1045,35,,0.0006826159997217474,,,,,,
1046,35,0.0015580859999317909,,,,,,,
1047,35,,,,,,,,
1048,35,,,,,,,,
1049,35,,,,,,,,
1050,35,,,,,,,,
1051,35,,,,,,,,
1052,35,,,,,,,,
1053,35,,,,,,,,
1054,35,,,,,,,,
1055,35,,,,,,,,
1056,35,,,,,,,,
1057,35,,,,,,,,
1058,35,,,,,,,,
1059,35,,,,,,,,
1060,35,,,,,,,,
1061,35,,,,,,,,
1062,35,,,,,,,,
1063,35,,,,,,,,
1064,35,,,,,,,,
1065,35,,,,,,,,
1066,35,,,,,,,,
1067,35,,,,,,,,
1068,35,,,,,,,,
1069,35,,,,,,,,
1070,35,,,,,,,,
1071,35,,,,,,,,
1072,35,,,,,,,,
1073,35,,0.0007617139999638312,,,,,,
1074,35,0.0015951660006976454,,,,,,,
1075,35,,,,,,,,
1076,35,,,,,,,,
1077,35,,,,,,,,
1078,35,,,,,,,,
1079,35,,,,,,,,
1080,35,,,,,,,,
1081,35,,,,,,,,
1082,35,,,,,,,,
1083,35,,,,,,,,
1084,35,,,,,,,,
1085,35,,,,,,,,
1086,35,,,,,,,,
1087,35,,,,,,,,
1088,35,,,,,,,,
1089,35,,,,,,,,
1090,35,,,,,,,,
1091,35,,,,,,,,
1092,35,,,,,,,,
1093,35,,,,,,,,
1094,35,,,,,,,,
1095,35,,,,,,,,
1096,35,,,,,,,,
1097,35,,,,,,,,
1098,35,,,,,,,,
1099,35,,,,,,,,
1100,35,,,,,,,,
1101,35,,0.0006609330002902425,,,,,,
1102,35,0.001535002999844437,,,,,,,
1103,35,,,,,,,,
1104,35,,,,,,,,
1105,35,,,,,,,,
1106,35,,,,,,,,
1107,35,,,,,,,,
1108,35,,,,,,,,
1109,35,,,,,,,,
1110,35,,,,,,,,
1111,35,,,,,,,,
1112,35,,,,,,,,
1113,35,,,,,,,,
1114,35,,,,,,,,
1115,35,,,,,,,,
1116,35,,,,,,,,
1117,35,,,,,,,,
1118,35,,,,,,,,
1119,35,,,,,,,,
1120,35,,,,,,,,
1121,35,,,,,,,,
1122,35,,,,,,,,
1123,35,,,,,,,,
1124,35,,,,,,,,
1125,35,,,,,,,,
1126,35,,,,,,,,
1127,40,,,0.09925558312655088,0,0.2987499937415123,0.29566614478826525,0.2987499937415123,0.29566614478826525
1128,40,,,,,,,,
1129,40,,,,,,,,
1130,40,,0.0007791480002197204,,,,,,
1131,40,0.0016221239993683412,,,,,,,
1132,40,,,,,,,,
1133,40,,,,,,,,
1134,40,,,,,,,,
1135,40,,,,,,,,
1136,40,,,,,,,,
1137,40,,,,,,,,
1138,40,,,,,,,,
1139,40,,,,,,,,
1140,40,,,,,,,,
1141,40,,,,,,,,
1142,40,,,,,,,,
1143,40,,,,,,,,
1144,40,,,,,,,,
1145,40,,,,,,,,
1146,40,,,,,,,,
1147,40,,,,,,,,
1148,40,,,,,,,,
1149,40,,,,,,,,
1150,40,,,,,,,,
1151,40,,,,,,,,
1152,40,,,,,,,,
1153,40,,,,,,,,
1154,40,,,,,,,,
1155,40,,,,,,,,
1156,40,,,,,,,,
1157,40,,,,,,,,
1158,40,,0.000679971999488771,,,,,,
1159,40,0.0016485200003444334,,,,,,,
1160,40,,,,,,,,
1161,40,,,,,,,,
1162,40,,,,,,,,
1163,40,,,,,,,,
1164,40,,,,,,,,
1165,40,,,,,,,,
1166,40,,,,,,,,
1167,40,,,,,,,,
1168,40,,,,,,,,
1169,40,,,,,,,,
1170,40,,,,,,,,
1171,40,,,,,,,,
1172,40,,,,,,,,
1173,40,,,,,,,,
1174,40,,,,,,,,
1175,40,,,,,,,,
1176,40,,,,,,,,
1177,40,,,,,,,,
1178,40,,,,,,,,
1179,40,,,,,,,,
1180,40,,,,,,,,
1181,40,,,,,,,,
1182,40,,,,,,,,
1183,40,,,,,,,,
1184,40,,,,,,,,
1185,40,,,,,,,,
1186,40,,0.0007298900000023423,,,,,,
1187,40,0.0014701390000482206,,,,,,,
1188,40,,,,,,,,
1189,40,,,,,,,,
1190,40,,,,,,,,
1191,40,,,,,,,,
1192,40,,,,,,,,
1193,40,,,,,,,,
1194,40,,,,,,,,
1195,40,,,,,,,,
1196,40,,,,,,,,
1197,40,,,,,,,,
1198,40,,,,,,,,
1199,40,,,,,,,,
1200,40,,,,,,,,
1201,40,,,,,,,,
1202,40,,,,,,,,
1203,40,,,,,,,,
1204,40,,,,,,,,
1205,40,,,,,,,,
1206,40,,,,,,,,
1207,40,,,,,,,,
1208,40,,,,,,,,
1209,40,,,,,,,,
1210,40,,,,,,,,
1211,40,,,,,,,,
1212,40,,,,,,,,
1213,40,,,,,,,,
1214,40,,0.0006932549995326553,,,,,,
1215,40,0.001568194999890693,,,,,,,
1216,40,,,,,,,,
1217,40,,,,,,,,
1218,40,,,,,,,,
1219,40,,,,,,,,
1220,40,,,,,,,,
1221,40,,,,,,,,
1222,40,,,,,,,,
1223,40,,,,,,,,
1224,40,,,,,,,,
1225,40,,,,,,,,
1226,40,,,,,,,,
1227,40,,,,,,,,
1228,40,,,,,,,,
1229,40,,,,,,,,
1230,40,,,,,,,,
1231,40,,,,,,,,
1232,40,,,,,,,,
1233,40,,,,,,,,
1234,40,,,,,,,,
1235,40,,,,,,,,
1236,40,,,,,,,,
1237,40,,,,,,,,
1238,40,,,,,,,,
1239,40,,,,,,,,
1240,40,,,,,,,,
1241,40,,,,,,,,
1242,40,,0.0006731970006512711,,,,,,
1243,40,0.001633054999729211,,,,,,,
1244,40,,,,,,,,
1245,40,,,,,,,,
1246,40,,,,,,,,
1247,40,,,,,,,,
1248,40,,,,,,,,
1249,40,,,,,,,,
1250,40,,,,,,,,
1251,40,,,,,,,,
1252,40,,,,,,,,
1253,40,,,,,,,,
1254,40,,,,,,,,
1255,40,,,,,,,,
1256,40,,,,,,,,
1257,40,,,,,,,,
1258,40,,,,,,,,
1259,40,,,,,,,,
1260,40,,,,,,,,
1261,40,,,,,,,,
1262,40,,,,,,,,
1263,40,,,,,,,,
1264,40,,,,,,,,
1265,40,,,,,,,,
1266,40,,,,,,,,
1267,40,,,,,,,,
1268,45,,,0.11166253101736973,0,0.5168749868869782,0.4449229598045349,0.5168749868869782,0.4449229598045349
1269,45,,,,,,,,
1270,45,,,,,,,,
1271,45,,0.0006746649996784981,,,,,,
1272,45,0.0015531070002907654,,,,,,,
1273,45,,,,,,,,
1274,45,,,,,,,,
1275,45,,,,,,,,
1276,45,,,,,,,,
1277,45,,,,,,,,
1278,45,,,,,,,,
1279,45,,,,,,,,
1280,45,,,,,,,,
1281,45,,,,,,,,
1282,45,,,,,,,,
1283,45,,,,,,,,
1284,45,,,,,,,,
1285,45,,,,,,,,
1286,45,,,,,,,,
1287,45,,,,,,,,
1288,45,,,,,,,,
1289,45,,,,,,,,
1290,45,,,,,,,,
1291,45,,,,,,,,
1292,45,,,,,,,,
1293,45,,,,,,,,
1294,45,,,,,,,,
1295,45,,,,,,,,
1296,45,,,,,,,,
1297,45,,,,,,,,
1298,45,,,,,,,,
1299,45,,0.0006658230004177312,,,,,,
1300,45,0.001544765999824449,,,,,,,
1301,45,,,,,,,,
1302,45,,,,,,,,
1303,45,,,,,,,,
1304,45,,,,,,,,
1305,45,,,,,,,,
1306,45,,,,,,,,
1307,45,,,,,,,,
1308,45,,,,,,,,
1309,45,,,,,,,,
1310,45,,,,,,,,
1311,45,,,,,,,,
1312,45,,,,,,,,
1313,45,,,,,,,,
1314,45,,,,,,,,
1315,45,,,,,,,,
1316,45,,,,,,,,
1317,45,,,,,,,,
1318,45,,,,,,,,
1319,45,,,,,,,,
1320,45,,,,,,,,
1321,45,,,,,,,,
1322,45,,,,,,,,
1323,45,,,,,,,,
1324,45,,,,,,,,
1325,45,,,,,,,,
1326,45,,,,,,,,
1327,45,,0.0006983969997236272,,,,,,
1328,45,0.0016494359997523134,,,,,,,
1329,45,,,,,,,,
1330,45,,,,,,,,
1331,45,,,,,,,,
1332,45,,,,,,,,
1333,45,,,,,,,,
1334,45,,,,,,,,
1335,45,,,,,,,,
1336,45,,,,,,,,
1337,45,,,,,,,,
1338,45,,,,,,,,
1339,45,,,,,,,,
1340,45,,,,,,,,
1341,45,,,,,,,,
1342,45,,,,,,,,
1343,45,,,,,,,,
1344,45,,,,,,,,
1345,45,,,,,,,,
1346,45,,,,,,,,
1347,45,,,,,,,,
1348,45,,,,,,,,
1349,45,,,,,,,,
1350,45,,,,,,,,
1351,45,,,,,,,,
1352,45,,,,,,,,
1353,45,,,,,,,,
1354,45,,,,,,,,
1355,45,,0.0006632810000155587,,,,,,
1356,45,0.0016016360004869057,,,,,,,
1357,45,,,,,,,,
1358,45,,,,,,,,
1359,45,,,,,,,,
1360,45,,,,,,,,
1361,45,,,,,,,,
1362,45,,,,,,,,
1363,45,,,,,,,,
1364,45,,,,,,,,
1365,45,,,,,,,,
1366,45,,,,,,,,
1367,45,,,,,,,,
1368,45,,,,,,,,
1369,45,,,,,,,,
1370,45,,,,,,,,
1371,45,,,,,,,,
1372,45,,,,,,,,
1373,45,,,,,,,,
1374,45,,,,,,,,
1375,45,,,,,,,,
1376,45,,,,,,,,
1377,45,,,,,,,,
1378,45,,,,,,,,
1379,45,,,,,,,,
1380,45,,,,,,,,
1381,45,,,,,,,,
1382,45,,,,,,,,
1383,45,,0.0006913009992786101,,,,,,
1384,45,0.0015986090002115816,,,,,,,
1385,45,,,,,,,,
1386,45,,,,,,,,
1387,45,,,,,,,,
1388,45,,,,,,,,
1389,45,,,,,,,,
1390,45,,,,,,,,
1391,45,,,,,,,,
1392,45,,,,,,,,
1393,45,,,,,,,,
1394,45,,,,,,,,
1395,45,,,,,,,,
1396,45,,,,,,,,
1397,45,,,,,,,,
1398,45,,,,,,,,
1399,45,,,,,,,,
1400,45,,,,,,,,
1401,45,,,,,,,,
1402,45,,,,,,,,
1403,45,,,,,,,,
1404,45,,,,,,,,
1405,45,,,,,,,,
1406,45,,,,,,,,
1407,45,,,,,,,,
1408,45,,,,,,,,
1409,50,,,0.12406947890818859,0,0.5518749952316284,0.34948013424873353,0.5518749952316284,0.34948013424873353
1410,50,,,,,,,,
1411,50,,,,,,,,
1412,50,,0.0007144950004658313,,,,,,
1413,50,0.0015870279994487646,,,,,,,
1414,50,,,,,,,,
1415,50,,,,,,,,
1416,50,,,,,,,,
1417,50,,,,,,,,
1418,50,,,,,,,,
1419,50,,,,,,,,
1420,50,,,,,,,,
1421,50,,,,,,,,
1422,50,,,,,,,,
1423,50,,,,,,,,
1424,50,,,,,,,,
1425,50,,,,,,,,
1426,50,,,,,,,,
1427,50,,,,,,,,
1428,50,,,,,,,,
1429,50,,,,,,,,
1430,50,,,,,,,,
1431,50,,,,,,,,
1432,50,,,,,,,,
1433,50,,,,,,,,
1434,50,,,,,,,,
1435,50,,,,,,,,
1436,50,,,,,,,,
1437,50,,,,,,,,
1438,50,,,,,,,,
1439,50,,,,,,,,
1440,50,,0.0007242820001920336,,,,,,
1441,50,0.0016750029999457183,,,,,,,
1442,50,,,,,,,,
1443,50,,,,,,,,
1444,50,,,,,,,,
1445,50,,,,,,,,
1446,50,,,,,,,,
1447,50,,,,,,,,
1448,50,,,,,,,,
1449,50,,,,,,,,
1450,50,,,,,,,,
1451,50,,,,,,,,
1452,50,,,,,,,,
1453,50,,,,,,,,
1454,50,,,,,,,,
1455,50,,,,,,,,
1456,50,,,,,,,,
1457,50,,,,,,,,
1458,50,,,,,,,,
1459,50,,,,,,,,
1460,50,,,,,,,,
1461,50,,,,,,,,
1462,50,,,,,,,,
1463,50,,,,,,,,
1464,50,,,,,,,,
1465,50,,,,,,,,
1466,50,,,,,,,,
1467,50,,,,,,,,
1468,50,,0.0007009470000411966,,,,,,
1469,50,0.0015692249999119667,,,,,,,
1470,50,,,,,,,,
1471,50,,,,,,,,
1472,50,,,,,,,,
1473,50,,,,,,,,
1474,50,,,,,,,,
1475,50,,,,,,,,
1476,50,,,,,,,,
1477,50,,,,,,,,
1478,50,,,,,,,,
1479,50,,,,,,,,
1480,50,,,,,,,,
1481,50,,,,,,,,
1482,50,,,,,,,,
1483,50,,,,,,,,
1484,50,,,,,,,,
1485,50,,,,,,,,
1486,50,,,,,,,,
1487,50,,,,,,,,
1488,50,,,,,,,,
1489,50,,,,,,,,
1490,50,,,,,,,,
1491,50,,,,,,,,
1492,50,,,,,,,,
1493,50,,,,,,,,
1494,50,,,,,,,,
1495,50,,,,,,,,
1496,50,,0.0007253900002979208,,,,,,
1497,50,0.0015916530001049978,,,,,,,
1498,50,,,,,,,,
1499,50,,,,,,,,
1500,50,,,,,,,,
1501,50,,,,,,,,
1502,50,,,,,,,,
1503,50,,,,,,,,
1504,50,,,,,,,,
1505,50,,,,,,,,
1506,50,,,,,,,,
1507,50,,,,,,,,
1508,50,,,,,,,,
1509,50,,,,,,,,
1510,50,,,,,,,,
1511,50,,,,,,,,
1512,50,,,,,,,,
1513,50,,,,,,,,
1514,50,,,,,,,,
1515,50,,,,,,,,
1516,50,,,,,,,,
1517,50,,,,,,,,
1518,50,,,,,,,,
1519,50,,,,,,,,
1520,50,,,,,,,,
1521,50,,,,,,,,
1522,50,,,,,,,,
1523,50,,,,,,,,
1524,50,,0.0007003840000834316,,,,,,
1525,50,0.0014667739997094031,,,,,,,
1526,50,,,,,,,,
1527,50,,,,,,,,
1528,50,,,,,,,,
1529,50,,,,,,,,
1530,50,,,,,,,,
1531,50,,,,,,,,
1532,50,,,,,,,,
1533,50,,,,,,,,
1534,50,,,,,,,,
1535,50,,,,,,,,
1536,50,,,,,,,,
1537,50,,,,,,,,
1538,50,,,,,,,,
1539,50,,,,,,,,
1540,50,,,,,,,,
1541,50,,,,,,,,
1542,50,,,,,,,,
1543,50,,,,,,,,
1544,50,,,,,,,,
1545,50,,,,,,,,
1546,50,,,,,,,,
1547,50,,,,,,,,
1548,50,,,,,,,,
1549,50,,,,,,,,
1550,55,,,0.13647642679900746,0,0.49624999761581423,0.4077905476093292,0.49624999761581423,0.4077905476093292
1551,55,,,,,,,,
1552,55,,,,,,,,
1553,55,,0.0006543039999087341,,,,,,
1554,55,0.0015465859996766085,,,,,,,
1555,55,,,,,,,,
1556,55,,,,,,,,
1557,55,,,,,,,,
1558,55,,,,,,,,
1559,55,,,,,,,,
1560,55,,,,,,,,
1561,55,,,,,,,,
1562,55,,,,,,,,
1563,55,,,,,,,,
1564,55,,,,,,,,
1565,55,,,,,,,,
1566,55,,,,,,,,
1567,55,,,,,,,,
1568,55,,,,,,,,
1569,55,,,,,,,,
1570,55,,,,,,,,
1571,55,,,,,,,,
1572,55,,,,,,,,
1573,55,,,,,,,,
1574,55,,,,,,,,
1575,55,,,,,,,,
1576,55,,,,,,,,
1577,55,,,,,,,,
1578,55,,,,,,,,
1579,55,,,,,,,,
1580,55,,,,,,,,
1581,55,,0.0007090230001267628,,,,,,
1582,55,0.001523986999927729,,,,,,,
1583,55,,,,,,,,
1584,55,,,,,,,,
1585,55,,,,,,,,
1586,55,,,,,,,,
1587,55,,,,,,,,
1588,55,,,,,,,,
1589,55,,,,,,,,
1590,55,,,,,,,,
1591,55,,,,,,,,
1592,55,,,,,,,,
1593,55,,,,,,,,
1594,55,,,,,,,,
1595,55,,,,,,,,
1596,55,,,,,,,,
1597,55,,,,,,,,
1598,55,,,,,,,,
1599,55,,,,,,,,
1600,55,,,,,,,,
1601,55,,,,,,,,
1602,55,,,,,,,,
1603,55,,,,,,,,
1604,55,,,,,,,,
1605,55,,,,,,,,
1606,55,,,,,,,,
1607,55,,,,,,,,
1608,55,,,,,,,,
1609,55,,0.0006710259995088563,,,,,,
1610,55,0.0015872399999352638,,,,,,,
1611,55,,,,,,,,
1612,55,,,,,,,,
1613,55,,,,,,,,
1614,55,,,,,,,,
1615,55,,,,,,,,
1616,55,,,,,,,,
1617,55,,,,,,,,
1618,55,,,,,,,,
1619,55,,,,,,,,
1620,55,,,,,,,,
1621,55,,,,,,,,
1622,55,,,,,,,,
1623,55,,,,,,,,
1624,55,,,,,,,,
1625,55,,,,,,,,
1626,55,,,,,,,,
1627,55,,,,,,,,
1628,55,,,,,,,,
1629,55,,,,,,,,
1630,55,,,,,,,,
1631,55,,,,,,,,
1632,55,,,,,,,,
1633,55,,,,,,,,
1634,55,,,,,,,,
1635,55,,,,,,,,
1636,55,,,,,,,,
1637,55,,0.000690198000484088,,,,,,
1638,55,0.0016277020004054066,,,,,,,
1639,55,,,,,,,,
1640,55,,,,,,,,
1641,55,,,,,,,,
1642,55,,,,,,,,
1643,55,,,,,,,,
1644,55,,,,,,,,
1645,55,,,,,,,,
1646,55,,,,,,,,
1647,55,,,,,,,,
1648,55,,,,,,,,
1649,55,,,,,,,,
1650,55,,,,,,,,
1651,55,,,,,,,,
1652,55,,,,,,,,
1653,55,,,,,,,,
1654,55,,,,,,,,
1655,55,,,,,,,,
1656,55,,,,,,,,
1657,55,,,,,,,,
1658,55,,,,,,,,
1659,55,,,,,,,,
1660,55,,,,,,,,
1661,55,,,,,,,,
1662,55,,,,,,,,
1663,55,,,,,,,,
1664,55,,,,,,,,
1665,55,,0.0007291510000868584,,,,,,
1666,55,0.0016960729999482282,,,,,,,
1667,55,,,,,,,,
1668,55,,,,,,,,
1669,55,,,,,,,,
1670,55,,,,,,,,
1671,55,,,,,,,,
1672,55,,,,,,,,
1673,55,,,,,,,,
1674,55,,,,,,,,
1675,55,,,,,,,,
1676,55,,,,,,,,
1677,55,,,,,,,,
1678,55,,,,,,,,
1679,55,,,,,,,,
1680,55,,,,,,,,
1681,55,,,,,,,,
1682,55,,,,,,,,
1683,55,,,,,,,,
1684,55,,,,,,,,
1685,55,,,,,,,,
1686,55,,,,,,,,
1687,55,,,,,,,,
1688,55,,,,,,,,
1689,55,,,,,,,,
1690,55,,,,,,,,
1691,60,,,0.1488833746898263,0,0.33812499046325684,0.35862583518028257,0.33812499046325684,0.35862583518028257
1692,60,,,,,,,,
1693,60,,,,,,,,
1694,60,,0.0007795760002409224,,,,,,
1695,60,0.0017111600000134786,,,,,,,
1696,60,,,,,,,,
1697,60,,,,,,,,
1698,60,,,,,,,,
1699,60,,,,,,,,
1700,60,,,,,,,,
1701,60,,,,,,,,
1702,60,,,,,,,,
1703,60,,,,,,,,
1704,60,,,,,,,,
1705,60,,,,,,,,
1706,60,,,,,,,,
1707,60,,,,,,,,
1708,60,,,,,,,,
1709,60,,,,,,,,
1710,60,,,,,,,,
1711,60,,,,,,,,
1712,60,,,,,,,,
1713,60,,,,,,,,
1714,60,,,,,,,,
1715,60,,,,,,,,
1716,60,,,,,,,,
1717,60,,,,,,,,
1718,60,,,,,,,,
1719,60,,,,,,,,
1720,60,,,,,,,,
1721,60,,,,,,,,
1722,60,,0.0007286509999175905,,,,,,
1723,60,0.001445851000426046,,,,,,,
1724,60,,,,,,,,
1725,60,,,,,,,,
1726,60,,,,,,,,
1727,60,,,,,,,,
1728,60,,,,,,,,
1729,60,,,,,,,,
1730,60,,,,,,,,
1731,60,,,,,,,,
1732,60,,,,,,,,
1733,60,,,,,,,,
1734,60,,,,,,,,
1735,60,,,,,,,,
1736,60,,,,,,,,
1737,60,,,,,,,,
1738,60,,,,,,,,
1739,60,,,,,,,,
1740,60,,,,,,,,
1741,60,,,,,,,,
1742,60,,,,,,,,
1743,60,,,,,,,,
1744,60,,,,,,,,
1745,60,,,,,,,,
1746,60,,,,,,,,
1747,60,,,,,,,,
1748,60,,,,,,,,
1749,60,,,,,,,,
1750,60,,0.000712789999852248,,,,,,
1751,60,0.0016510329996890505,,,,,,,
1752,60,,,,,,,,
1753,60,,,,,,,,
1754,60,,,,,,,,
1755,60,,,,,,,,
1756,60,,,,,,,,
1757,60,,,,,,,,
1758,60,,,,,,,,
1759,60,,,,,,,,
1760,60,,,,,,,,
1761,60,,,,,,,,
1762,60,,,,,,,,
1763,60,,,,,,,,
1764,60,,,,,,,,
1765,60,,,,,,,,
1766,60,,,,,,,,
1767,60,,,,,,,,
1768,60,,,,,,,,
1769,60,,,,,,,,
1770,60,,,,,,,,
1771,60,,,,,,,,
1772,60,,,,,,,,
1773,60,,,,,,,,
1774,60,,,,,,,,
1775,60,,,,,,,,
1776,60,,,,,,,,
1777,60,,,,,,,,
1778,60,,0.0009069380002983962,,,,,,
1779,60,0.001853234999543929,,,,,,,
1780,60,,,,,,,,
1781,60,,,,,,,,
1782,60,,,,,,,,
1783,60,,,,,,,,
1784,60,,,,,,,,
1785,60,,,,,,,,
1786,60,,,,,,,,
1787,60,,,,,,,,
1788,60,,,,,,,,
1789,60,,,,,,,,
1790,60,,,,,,,,
1791,60,,,,,,,,
1792,60,,,,,,,,
1793,60,,,,,,,,
1794,60,,,,,,,,
1795,60,,,,,,,,
1796,60,,,,,,,,
1797,60,,,,,,,,
1798,60,,,,,,,,
1799,60,,,,,,,,
1800,60,,,,,,,,
1801,60,,,,,,,,
1802,60,,,,,,,,
1803,60,,,,,,,,
1804,60,,,,,,,,
1805,60,,,,,,,,
1806,60,,0.0007550749996880768,,,,,,
1807,60,0.0017271259994231514,,,,,,,
1808,60,,,,,,,,
1809,60,,,,,,,,
1810,60,,,,,,,,
1811,60,,,,,,,,
1812,60,,,,,,,,
1813,60,,,,,,,,
1814,60,,,,,,,,
1815,60,,,,,,,,
1816,60,,,,,,,,
1817,60,,,,,,,,
1818,60,,,,,,,,
1819,60,,,,,,,,
1820,60,,,,,,,,
1821,60,,,,,,,,
1822,60,,,,,,,,
1823,60,,,,,,,,
1824,60,,,,,,,,
1825,60,,,,,,,,
1826,60,,,,,,,,
1827,60,,,,,,,,
1828,60,,,,,,,,
1829,60,,,,,,,,
1830,60,,,,,,,,
1831,60,,,,,,,,
1832,65,,,0.16129032258064516,0,0.4849999949336052,0.3695386290550232,0.4849999949336052,0.3695386290550232
1833,65,,,,,,,,
1834,65,,,,,,,,
1835,65,,0.000700712000252679,,,,,,
1836,65,0.001687216000391345,,,,,,,
1837,65,,,,,,,,
1838,65,,,,,,,,
1839,65,,,,,,,,
1840,65,,,,,,,,
1841,65,,,,,,,,
1842,65,,,,,,,,
1843,65,,,,,,,,
1844,65,,,,,,,,
1845,65,,,,,,,,
1846,65,,,,,,,,
1847,65,,,,,,,,
1848,65,,,,,,,,
1849,65,,,,,,,,
1850,65,,,,,,,,
1851,65,,,,,,,,
1852,65,,,,,,,,
1853,65,,,,,,,,
1854,65,,,,,,,,
1855,65,,,,,,,,
1856,65,,,,,,,,
1857,65,,,,,,,,
1858,65,,,,,,,,
1859,65,,,,,,,,
1860,65,,,,,,,,
1861,65,,,,,,,,
1862,65,,,,,,,,
1863,65,,0.0007014430002527661,,,,,,
1864,65,0.0016469319998577703,,,,,,,
1865,65,,,,,,,,
1866,65,,,,,,,,
1867,65,,,,,,,,
1868,65,,,,,,,,
1869,65,,,,,,,,
1870,65,,,,,,,,
1871,65,,,,,,,,
1872,65,,,,,,,,
1873,65,,,,,,,,
1874,65,,,,,,,,
1875,65,,,,,,,,
1876,65,,,,,,,,
1877,65,,,,,,,,
1878,65,,,,,,,,
1879,65,,,,,,,,
1880,65,,,,,,,,
1881,65,,,,,,,,
1882,65,,,,,,,,
1883,65,,,,,,,,
1884,65,,,,,,,,
1885,65,,,,,,,,
1886,65,,,,,,,,
1887,65,,,,,,,,
1888,65,,,,,,,,
1889,65,,,,,,,,
1890,65,,,,,,,,
1891,65,,0.0007308369995371322,,,,,,
1892,65,0.0018494630003260681,,,,,,,
1893,65,,,,,,,,
1894,65,,,,,,,,
1895,65,,,,,,,,
1896,65,,,,,,,,
1897,65,,,,,,,,
1898,65,,,,,,,,
1899,65,,,,,,,,
1900,65,,,,,,,,
1901,65,,,,,,,,
1902,65,,,,,,,,
1903,65,,,,,,,,
1904,65,,,,,,,,
1905,65,,,,,,,,
1906,65,,,,,,,,
1907,65,,,,,,,,
1908,65,,,,,,,,
1909,65,,,,,,,,
1910,65,,,,,,,,
1911,65,,,,,,,,
1912,65,,,,,,,,
1913,65,,,,,,,,
1914,65,,,,,,,,
1915,65,,,,,,,,
1916,65,,,,,,,,
1917,65,,,,,,,,
1918,65,,,,,,,,
1919,65,,0.0007549600004495005,,,,,,
1920,65,0.0015361040004790993,,,,,,,
1921,65,,,,,,,,
1922,65,,,,,,,,
1923,65,,,,,,,,
1924,65,,,,,,,,
1925,65,,,,,,,,
1926,65,,,,,,,,
1927,65,,,,,,,,
1928,65,,,,,,,,
1929,65,,,,,,,,
1930,65,,,,,,,,
1931,65,,,,,,,,
1932,65,,,,,,,,
1933,65,,,,,,,,
1934,65,,,,,,,,
1935,65,,,,,,,,
1936,65,,,,,,,,
1937,65,,,,,,,,
1938,65,,,,,,,,
1939,65,,,,,,,,
1940,65,,,,,,,,
1941,65,,,,,,,,
1942,65,,,,,,,,
1943,65,,,,,,,,
1944,65,,,,,,,,
1945,65,,,,,,,,
1946,65,,,,,,,,
1947,65,,0.0006977949997235555,,,,,,
1948,65,0.0016649510007482604,,,,,,,
1949,65,,,,,,,,
1950,65,,,,,,,,
1951,65,,,,,,,,
1952,65,,,,,,,,
1953,65,,,,,,,,
1954,65,,,,,,,,
1955,65,,,,,,,,
1956,65,,,,,,,,
1957,65,,,,,,,,
1958,65,,,,,,,,
1959,65,,,,,,,,
1960,65,,,,,,,,
1961,65,,,,,,,,
1962,65,,,,,,,,
1963,65,,,,,,,,
1964,65,,,,,,,,
1965,65,,,,,,,,
1966,65,,,,,,,,
1967,65,,,,,,,,
1968,65,,,,,,,,
1969,65,,,,,,,,
1970,65,,,,,,,,
1971,65,,,,,,,,
1972,65,,,,,,,,
1973,70,,,0.17369727047146402,0.1,0.6875,0.469862824678421,0.6875,0.469862824678421
1974,70,,,,,,,,
1975,70,,,,,,,,
1976,70,,0.000701158999618201,,,,,,
1977,70,0.0016437370004496188,,,,,,,
1978,70,,,,,,,,
1979,70,,,,,,,,
1980,70,,,,,,,,
1981,70,,,,,,,,
1982,70,,,,,,,,
1983,70,,,,,,,,
1984,70,,,,,,,,
1985,70,,,,,,,,
1986,70,,,,,,,,
1987,70,,,,,,,,
1988,70,,,,,,,,
1989,70,,,,,,,,
1990,70,,,,,,,,
1991,70,,,,,,,,
1992,70,,,,,,,,
1993,70,,,,,,,,
1994,70,,,,,,,,
1995,70,,,,,,,,
1996,70,,,,,,,,
1997,70,,,,,,,,
1998,70,,,,,,,,
1999,70,,,,,,,,
2000,70,,,,,,,,
2001,70,,,,,,,,
2002,70,,,,,,,,
2003,70,,,,,,,,
2004,70,,0.0008428219998677378,,,,,,
2005,70,0.0017416489999959595,,,,,,,
2006,70,,,,,,,,
2007,70,,,,,,,,
2008,70,,,,,,,,
2009,70,,,,,,,,
2010,70,,,,,,,,
2011,70,,,,,,,,
2012,70,,,,,,,,
2013,70,,,,,,,,
2014,70,,,,,,,,
2015,70,,,,,,,,
2016,70,,,,,,,,
2017,70,,,,,,,,
2018,70,,,,,,,,
2019,70,,,,,,,,
2020,70,,,,,,,,
2021,70,,,,,,,,
2022,70,,,,,,,,
2023,70,,,,,,,,
2024,70,,,,,,,,
2025,70,,,,,,,,
2026,70,,,,,,,,
2027,70,,,,,,,,
2028,70,,,,,,,,
2029,70,,,,,,,,
2030,70,,,,,,,,
2031,70,,,,,,,,
2032,70,,0.0006767280001440668,,,,,,
2033,70,0.001624962000278174,,,,,,,
2034,70,,,,,,,,
2035,70,,,,,,,,
2036,70,,,,,,,,
2037,70,,,,,,,,
2038,70,,,,,,,,
2039,70,,,,,,,,
2040,70,,,,,,,,
2041,70,,,,,,,,
2042,70,,,,,,,,
2043,70,,,,,,,,
2044,70,,,,,,,,
2045,70,,,,,,,,
2046,70,,,,,,,,
2047,70,,,,,,,,
2048,70,,,,,,,,
2049,70,,,,,,,,
2050,70,,,,,,,,
2051,70,,,,,,,,
2052,70,,,,,,,,
2053,70,,,,,,,,
2054,70,,,,,,,,
2055,70,,,,,,,,
2056,70,,,,,,,,
2057,70,,,,,,,,
2058,70,,,,,,,,
2059,70,,,,,,,,
2060,70,,0.0007266330003403709,,,,,,
2061,70,0.0015432919999511796,,,,,,,
2062,70,,,,,,,,
2063,70,,,,,,,,
2064,70,,,,,,,,
2065,70,,,,,,,,
2066,70,,,,,,,,
2067,70,,,,,,,,
2068,70,,,,,,,,
2069,70,,,,,,,,
2070,70,,,,,,,,
2071,70,,,,,,,,
2072,70,,,,,,,,
2073,70,,,,,,,,
2074,70,,,,,,,,
2075,70,,,,,,,,
2076,70,,,,,,,,
2077,70,,,,,,,,
2078,70,,,,,,,,
2079,70,,,,,,,,
2080,70,,,,,,,,
2081,70,,,,,,,,
2082,70,,,,,,,,
2083,70,,,,,,,,
2084,70,,,,,,,,
2085,70,,,,,,,,
2086,70,,,,,,,,
2087,70,,,,,,,,
2088,70,,0.0007010459994489793,,,,,,
2089,70,0.0016609240001344006,,,,,,,
2090,70,,,,,,,,
2091,70,,,,,,,,
2092,70,,,,,,,,
2093,70,,,,,,,,
2094,70,,,,,,,,
2095,70,,,,,,,,
2096,70,,,,,,,,
2097,70,,,,,,,,
2098,70,,,,,,,,
2099,70,,,,,,,,
2100,70,,,,,,,,
2101,70,,,,,,,,
2102,70,,,,,,,,
2103,70,,,,,,,,
2104,70,,,,,,,,
2105,70,,,,,,,,
2106,70,,,,,,,,
2107,70,,,,,,,,
2108,70,,,,,,,,
2109,70,,,,,,,,
2110,70,,,,,,,,
2111,70,,,,,,,,
2112,70,,,,,,,,
2113,70,,,,,,,,
2114,75,,,0.18610421836228289,0.1,0.7750000119209289,0.3910843014717102,0.7750000119209289,0.3910843014717102
2115,75,,,,,,,,
2116,75,,,,,,,,
2117,75,,0.0007160639997891849,,,,,,
2118,75,0.001419856000211439,,,,,,,
2119,75,,,,,,,,
2120,75,,,,,,,,
2121,75,,,,,,,,
2122,75,,,,,,,,
2123,75,,,,,,,,
2124,75,,,,,,,,
2125,75,,,,,,,,
2126,75,,,,,,,,
2127,75,,,,,,,,
2128,75,,,,,,,,
2129,75,,,,,,,,
2130,75,,,,,,,,
2131,75,,,,,,,,
2132,75,,,,,,,,
2133,75,,,,,,,,
2134,75,,,,,,,,
2135,75,,,,,,,,
2136,75,,,,,,,,
2137,75,,,,,,,,
2138,75,,,,,,,,
2139,75,,,,,,,,
2140,75,,,,,,,,
2141,75,,,,,,,,
2142,75,,,,,,,,
2143,75,,,,,,,,
2144,75,,,,,,,,
2145,75,,0.0006687280001642648,,,,,,
2146,75,0.0016306010002153926,,,,,,,
2147,75,,,,,,,,
2148,75,,,,,,,,
2149,75,,,,,,,,
2150,75,,,,,,,,
2151,75,,,,,,,,
2152,75,,,,,,,,
2153,75,,,,,,,,
2154,75,,,,,,,,
2155,75,,,,,,,,
2156,75,,,,,,,,
2157,75,,,,,,,,
2158,75,,,,,,,,
2159,75,,,,,,,,
2160,75,,,,,,,,
2161,75,,,,,,,,
2162,75,,,,,,,,
2163,75,,,,,,,,
2164,75,,,,,,,,
2165,75,,,,,,,,
2166,75,,,,,,,,
2167,75,,,,,,,,
2168,75,,,,,,,,
2169,75,,,,,,,,
2170,75,,,,,,,,
2171,75,,,,,,,,
2172,75,,,,,,,,
2173,75,,0.0006846819997008424,,,,,,
2174,75,0.0015608690000590286,,,,,,,
2175,75,,,,,,,,
2176,75,,,,,,,,
2177,75,,,,,,,,
2178,75,,,,,,,,
2179,75,,,,,,,,
2180,75,,,,,,,,
2181,75,,,,,,,,
2182,75,,,,,,,,
2183,75,,,,,,,,
2184,75,,,,,,,,
2185,75,,,,,,,,
2186,75,,,,,,,,
2187,75,,,,,,,,
2188,75,,,,,,,,
2189,75,,,,,,,,
2190,75,,,,,,,,
2191,75,,,,,,,,
2192,75,,,,,,,,
2193,75,,,,,,,,
2194,75,,,,,,,,
2195,75,,,,,,,,
2196,75,,,,,,,,
2197,75,,,,,,,,
2198,75,,,,,,,,
2199,75,,,,,,,,
2200,75,,,,,,,,
2201,75,,0.0007293919998119236,,,,,,
2202,75,0.0016998239998429199,,,,,,,
2203,75,,,,,,,,
2204,75,,,,,,,,
2205,75,,,,,,,,
2206,75,,,,,,,,
2207,75,,,,,,,,
2208,75,,,,,,,,
2209,75,,,,,,,,
2210,75,,,,,,,,
2211,75,,,,,,,,
2212,75,,,,,,,,
2213,75,,,,,,,,
2214,75,,,,,,,,
2215,75,,,,,,,,
2216,75,,,,,,,,
2217,75,,,,,,,,
2218,75,,,,,,,,
2219,75,,,,,,,,
2220,75,,,,,,,,
2221,75,,,,,,,,
2222,75,,,,,,,,
2223,75,,,,,,,,
2224,75,,,,,,,,
2225,75,,,,,,,,
2226,75,,,,,,,,
2227,75,,,,,,,,
2228,75,,,,,,,,
2229,75,,0.0006939080003576237,,,,,,
2230,75,0.0016929820003497298,,,,,,,
2231,75,,,,,,,,
2232,75,,,,,,,,
2233,75,,,,,,,,
2234,75,,,,,,,,
2235,75,,,,,,,,
2236,75,,,,,,,,
2237,75,,,,,,,,
2238,75,,,,,,,,
2239,75,,,,,,,,
2240,75,,,,,,,,
2241,75,,,,,,,,
2242,75,,,,,,,,
2243,75,,,,,,,,
2244,75,,,,,,,,
2245,75,,,,,,,,
2246,75,,,,,,,,
2247,75,,,,,,,,
2248,75,,,,,,,,
2249,75,,,,,,,,
2250,75,,,,,,,,
2251,75,,,,,,,,
2252,75,,,,,,,,
2253,75,,,,,,,,
2254,75,,,,,,,,
2255,80,,,0.19851116625310175,0,0.5512499928474426,0.31348769962787626,0.5512499928474426,0.31348769962787626
2256,80,,,,,,,,
2257,80,,,,,,,,
2258,80,,0.0008249210004578345,,,,,,
2259,80,0.0018075010002576164,,,,,,,
2260,80,,,,,,,,
2261,80,,,,,,,,
2262,80,,,,,,,,
2263,80,,,,,,,,
2264,80,,,,,,,,
2265,80,,,,,,,,
2266,80,,,,,,,,
2267,80,,,,,,,,
2268,80,,,,,,,,
2269,80,,,,,,,,
2270,80,,,,,,,,
2271,80,,,,,,,,
2272,80,,,,,,,,
2273,80,,,,,,,,
2274,80,,,,,,,,
2275,80,,,,,,,,
2276,80,,,,,,,,
2277,80,,,,,,,,
2278,80,,,,,,,,
2279,80,,,,,,,,
2280,80,,,,,,,,
2281,80,,,,,,,,
2282,80,,,,,,,,
2283,80,,,,,,,,
2284,80,,,,,,,,
2285,80,,,,,,,,
2286,80,,0.0006897000002936693,,,,,,
2287,80,0.0014850330007902812,,,,,,,
2288,80,,,,,,,,
2289,80,,,,,,,,
2290,80,,,,,,,,
2291,80,,,,,,,,
2292,80,,,,,,,,
2293,80,,,,,,,,
2294,80,,,,,,,,
2295,80,,,,,,,,
2296,80,,,,,,,,
2297,80,,,,,,,,
2298,80,,,,,,,,
2299,80,,,,,,,,
2300,80,,,,,,,,
2301,80,,,,,,,,
2302,80,,,,,,,,
2303,80,,,,,,,,
2304,80,,,,,,,,
2305,80,,,,,,,,
2306,80,,,,,,,,
2307,80,,,,,,,,
2308,80,,,,,,,,
2309,80,,,,,,,,
2310,80,,,,,,,,
2311,80,,,,,,,,
2312,80,,,,,,,,
2313,80,,,,,,,,
2314,80,,0.0007325930000661174,,,,,,
2315,80,0.001837693999732437,,,,,,,
2316,80,,,,,,,,
2317,80,,,,,,,,
2318,80,,,,,,,,
2319,80,,,,,,,,
2320,80,,,,,,,,
2321,80,,,,,,,,
2322,80,,,,,,,,
2323,80,,,,,,,,
2324,80,,,,,,,,
2325,80,,,,,,,,
2326,80,,,,,,,,
2327,80,,,,,,,,
2328,80,,,,,,,,
2329,80,,,,,,,,
2330,80,,,,,,,,
2331,80,,,,,,,,
2332,80,,,,,,,,
2333,80,,,,,,,,
2334,80,,,,,,,,
2335,80,,,,,,,,
2336,80,,,,,,,,
2337,80,,,,,,,,
2338,80,,,,,,,,
2339,80,,,,,,,,
2340,80,,,,,,,,
2341,80,,,,,,,,
2342,80,,0.0007214190000013332,,,,,,
2343,80,0.0015882790003161062,,,,,,,
2344,80,,,,,,,,
2345,80,,,,,,,,
2346,80,,,,,,,,
2347,80,,,,,,,,
2348,80,,,,,,,,
2349,80,,,,,,,,
2350,80,,,,,,,,
2351,80,,,,,,,,
2352,80,,,,,,,,
2353,80,,,,,,,,
2354,80,,,,,,,,
2355,80,,,,,,,,
2356,80,,,,,,,,
2357,80,,,,,,,,
2358,80,,,,,,,,
2359,80,,,,,,,,
2360,80,,,,,,,,
2361,80,,,,,,,,
2362,80,,,,,,,,
2363,80,,,,,,,,
2364,80,,,,,,,,
2365,80,,,,,,,,
2366,80,,,,,,,,
2367,80,,,,,,,,
2368,80,,,,,,,,
2369,80,,,,,,,,
2370,80,,0.0006997720001891139,,,,,,
2371,80,0.0015341289999923902,,,,,,,
2372,80,,,,,,,,
2373,80,,,,,,,,
2374,80,,,,,,,,
2375,80,,,,,,,,
2376,80,,,,,,,,
2377,80,,,,,,,,
2378,80,,,,,,,,
2379,80,,,,,,,,
2380,80,,,,,,,,
2381,80,,,,,,,,
2382,80,,,,,,,,
2383,80,,,,,,,,
2384,80,,,,,,,,
2385,80,,,,,,,,
2386,80,,,,,,,,
2387,80,,,,,,,,
2388,80,,,,,,,,
2389,80,,,,,,,,
2390,80,,,,,,,,
2391,80,,,,,,,,
2392,80,,,,,,,,
2393,80,,,,,,,,
2394,80,,,,,,,,
2395,80,,,,,,,,
2396,85,,,0.2109181141439206,0.2,0.8149999976158142,0.46513617038726807,0.8149999976158142,0.46513617038726807
2397,85,,,,,,,,
2398,85,,,,,,,,
2399,85,,0.0007159140004660003,,,,,,
2400,85,0.0015759280013298849,,,,,,,
2401,85,,,,,,,,
2402,85,,,,,,,,
2403,85,,,,,,,,
2404,85,,,,,,,,
2405,85,,,,,,,,
2406,85,,,,,,,,
2407,85,,,,,,,,
2408,85,,,,,,,,
2409,85,,,,,,,,
2410,85,,,,,,,,
2411,85,,,,,,,,
2412,85,,,,,,,,
2413,85,,,,,,,,
2414,85,,,,,,,,
2415,85,,,,,,,,
2416,85,,,,,,,,
2417,85,,,,,,,,
2418,85,,,,,,,,
2419,85,,,,,,,,
2420,85,,,,,,,,
2421,85,,,,,,,,
2422,85,,,,,,,,
2423,85,,,,,,,,
2424,85,,,,,,,,
2425,85,,,,,,,,
2426,85,,,,,,,,
2427,85,,0.0007586510000692215,,,,,,
2428,85,0.001604578999831574,,,,,,,
2429,85,,,,,,,,
2430,85,,,,,,,,
2431,85,,,,,,,,
2432,85,,,,,,,,
2433,85,,,,,,,,
2434,85,,,,,,,,
2435,85,,,,,,,,
2436,85,,,,,,,,
2437,85,,,,,,,,
2438,85,,,,,,,,
2439,85,,,,,,,,
2440,85,,,,,,,,
2441,85,,,,,,,,
2442,85,,,,,,,,
2443,85,,,,,,,,
2444,85,,,,,,,,
2445,85,,,,,,,,
2446,85,,,,,,,,
2447,85,,,,,,,,
2448,85,,,,,,,,
2449,85,,,,,,,,
2450,85,,,,,,,,
2451,85,,,,,,,,
2452,85,,,,,,,,
2453,85,,,,,,,,
2454,85,,,,,,,,
2455,85,,0.0008175180009857286,,,,,,
2456,85,0.0019275960003142245,,,,,,,
2457,85,,,,,,,,
2458,85,,,,,,,,
2459,85,,,,,,,,
2460,85,,,,,,,,
2461,85,,,,,,,,
2462,85,,,,,,,,
2463,85,,,,,,,,
2464,85,,,,,,,,
2465,85,,,,,,,,
2466,85,,,,,,,,
2467,85,,,,,,,,
2468,85,,,,,,,,
2469,85,,,,,,,,
2470,85,,,,,,,,
2471,85,,,,,,,,
2472,85,,,,,,,,
2473,85,,,,,,,,
2474,85,,,,,,,,
2475,85,,,,,,,,
2476,85,,,,,,,,
2477,85,,,,,,,,
2478,85,,,,,,,,
2479,85,,,,,,,,
2480,85,,,,,,,,
2481,85,,,,,,,,
2482,85,,,,,,,,
2483,85,,0.0006484210007329239,,,,,,
2484,85,0.0015318759997171583,,,,,,,
2485,85,,,,,,,,
2486,85,,,,,,,,
2487,85,,,,,,,,
2488,85,,,,,,,,
2489,85,,,,,,,,
2490,85,,,,,,,,
2491,85,,,,,,,,
2492,85,,,,,,,,
2493,85,,,,,,,,
2494,85,,,,,,,,
2495,85,,,,,,,,
2496,85,,,,,,,,
2497,85,,,,,,,,
2498,85,,,,,,,,
2499,85,,,,,,,,
2500,85,,,,,,,,
2501,85,,,,,,,,
2502,85,,,,,,,,
2503,85,,,,,,,,
2504,85,,,,,,,,
2505,85,,,,,,,,
2506,85,,,,,,,,
2507,85,,,,,,,,
2508,85,,,,,,,,
2509,85,,,,,,,,
2510,85,,,,,,,,
2511,85,,0.000745191000532941,,,,,,
2512,85,0.0016789109995443141,,,,,,,
2513,85,,,,,,,,
2514,85,,,,,,,,
2515,85,,,,,,,,
2516,85,,,,,,,,
2517,85,,,,,,,,
2518,85,,,,,,,,
2519,85,,,,,,,,
2520,85,,,,,,,,
2521,85,,,,,,,,
2522,85,,,,,,,,
2523,85,,,,,,,,
2524,85,,,,,,,,
2525,85,,,,,,,,
2526,85,,,,,,,,
2527,85,,,,,,,,
2528,85,,,,,,,,
2529,85,,,,,,,,
2530,85,,,,,,,,
2531,85,,,,,,,,
2532,85,,,,,,,,
2533,85,,,,,,,,
2534,85,,,,,,,,
2535,85,,,,,,,,
2536,85,,,,,,,,
2537,90,,,0.22332506203473945,0,0.6918750047683716,0.5147703051567077,0.6918750047683716,0.5147703051567077
2538,90,,,,,,,,
2539,90,,,,,,,,
2540,90,,0.0006937430007383227,,,,,,
2541,90,0.0016488390010636067,,,,,,,
2542,90,,,,,,,,
2543,90,,,,,,,,
2544,90,,,,,,,,
2545,90,,,,,,,,
2546,90,,,,,,,,
2547,90,,,,,,,,
2548,90,,,,,,,,
2549,90,,,,,,,,
2550,90,,,,,,,,
2551,90,,,,,,,,
2552,90,,,,,,,,
2553,90,,,,,,,,
2554,90,,,,,,,,
2555,90,,,,,,,,
2556,90,,,,,,,,
2557,90,,,,,,,,
2558,90,,,,,,,,
2559,90,,,,,,,,
2560,90,,,,,,,,
2561,90,,,,,,,,
2562,90,,,,,,,,
2563,90,,,,,,,,
2564,90,,,,,,,,
2565,90,,,,,,,,
2566,90,,,,,,,,
2567,90,,,,,,,,
2568,90,,0.0007166369996411959,,,,,,
2569,90,0.0015713430002506357,,,,,,,
2570,90,,,,,,,,
2571,90,,,,,,,,
2572,90,,,,,,,,
2573,90,,,,,,,,
2574,90,,,,,,,,
2575,90,,,,,,,,
2576,90,,,,,,,,
2577,90,,,,,,,,
2578,90,,,,,,,,
2579,90,,,,,,,,
2580,90,,,,,,,,
2581,90,,,,,,,,
2582,90,,,,,,,,
2583,90,,,,,,,,
2584,90,,,,,,,,
2585,90,,,,,,,,
2586,90,,,,,,,,
2587,90,,,,,,,,
2588,90,,,,,,,,
2589,90,,,,,,,,
2590,90,,,,,,,,
2591,90,,,,,,,,
2592,90,,,,,,,,
2593,90,,,,,,,,
2594,90,,,,,,,,
2595,90,,,,,,,,
2596,90,,0.0008058240000536898,,,,,,
2597,90,0.0017053379997378215,,,,,,,
2598,90,,,,,,,,
2599,90,,,,,,,,
2600,90,,,,,,,,
2601,90,,,,,,,,
2602,90,,,,,,,,
2603,90,,,,,,,,
2604,90,,,,,,,,
2605,90,,,,,,,,
2606,90,,,,,,,,
2607,90,,,,,,,,
2608,90,,,,,,,,
2609,90,,,,,,,,
2610,90,,,,,,,,
2611,90,,,,,,,,
2612,90,,,,,,,,
2613,90,,,,,,,,
2614,90,,,,,,,,
2615,90,,,,,,,,
2616,90,,,,,,,,
2617,90,,,,,,,,
2618,90,,,,,,,,
2619,90,,,,,,,,
2620,90,,,,,,,,
2621,90,,,,,,,,
2622,90,,,,,,,,
2623,90,,,,,,,,
2624,90,,0.000781682998422184,,,,,,
2625,90,0.0018530630004534032,,,,,,,
2626,90,,,,,,,,
2627,90,,,,,,,,
2628,90,,,,,,,,
2629,90,,,,,,,,
2630,90,,,,,,,,
2631,90,,,,,,,,
2632,90,,,,,,,,
2633,90,,,,,,,,
2634,90,,,,,,,,
2635,90,,,,,,,,
2636,90,,,,,,,,
2637,90,,,,,,,,
2638,90,,,,,,,,
2639,90,,,,,,,,
2640,90,,,,,,,,
2641,90,,,,,,,,
2642,90,,,,,,,,
2643,90,,,,,,,,
2644,90,,,,,,,,
2645,90,,,,,,,,
2646,90,,,,,,,,
2647,90,,,,,,,,
2648,90,,,,,,,,
2649,90,,,,,,,,
2650,90,,,,,,,,
2651,90,,,,,,,,
2652,90,,0.000705305001247325,,,,,,
2653,90,0.001649515999815776,,,,,,,
2654,90,,,,,,,,
2655,90,,,,,,,,
2656,90,,,,,,,,
2657,90,,,,,,,,
2658,90,,,,,,,,
2659,90,,,,,,,,
2660,90,,,,,,,,
2661,90,,,,,,,,
2662,90,,,,,,,,
2663,90,,,,,,,,
2664,90,,,,,,,,
2665,90,,,,,,,,
2666,90,,,,,,,,
2667,90,,,,,,,,
2668,90,,,,,,,,
2669,90,,,,,,,,
2670,90,,,,,,,,
2671,90,,,,,,,,
2672,90,,,,,,,,
2673,90,,,,,,,,
2674,90,,,,,,,,
2675,90,,,,,,,,
2676,90,,,,,,,,
2677,90,,,,,,,,
2678,95,,,0.23573200992555832,0.2,0.943749976158142,0.5914143919944763,0.943749976158142,0.5914143919944763
2679,95,,,,,,,,
2680,95,,,,,,,,
2681,95,,0.0008149929999490269,,,,,,
2682,95,0.001613937000001897,,,,,,,
2683,95,,,,,,,,
2684,95,,,,,,,,
2685,95,,,,,,,,
2686,95,,,,,,,,
2687,95,,,,,,,,
2688,95,,,,,,,,
2689,95,,,,,,,,
2690,95,,,,,,,,
2691,95,,,,,,,,
2692,95,,,,,,,,
2693,95,,,,,,,,
2694,95,,,,,,,,
2695,95,,,,,,,,
2696,95,,,,,,,,
2697,95,,,,,,,,
2698,95,,,,,,,,
2699,95,,,,,,,,
2700,95,,,,,,,,
2701,95,,,,,,,,
2702,95,,,,,,,,
2703,95,,,,,,,,
2704,95,,,,,,,,
2705,95,,,,,,,,
2706,95,,,,,,,,
2707,95,,,,,,,,
2708,95,,,,,,,,
2709,95,,0.0006660399994871113,,,,,,
2710,95,0.0015336030010075774,,,,,,,
2711,95,,,,,,,,
2712,95,,,,,,,,
2713,95,,,,,,,,
2714,95,,,,,,,,
2715,95,,,,,,,,
2716,95,,,,,,,,
2717,95,,,,,,,,
2718,95,,,,,,,,
2719,95,,,,,,,,
2720,95,,,,,,,,
2721,95,,,,,,,,
2722,95,,,,,,,,
2723,95,,,,,,,,
2724,95,,,,,,,,
2725,95,,,,,,,,
2726,95,,,,,,,,
2727,95,,,,,,,,
2728,95,,,,,,,,
2729,95,,,,,,,,
2730,95,,,,,,,,
2731,95,,,,,,,,
2732,95,,,,,,,,
2733,95,,,,,,,,
2734,95,,,,,,,,
2735,95,,,,,,,,
2736,95,,,,,,,,
2737,95,,0.0006802200005040504,,,,,,
2738,95,0.0016209690002142452,,,,,,,
2739,95,,,,,,,,
2740,95,,,,,,,,
2741,95,,,,,,,,
2742,95,,,,,,,,
2743,95,,,,,,,,
2744,95,,,,,,,,
2745,95,,,,,,,,
2746,95,,,,,,,,
2747,95,,,,,,,,
2748,95,,,,,,,,
2749,95,,,,,,,,
2750,95,,,,,,,,
2751,95,,,,,,,,
2752,95,,,,,,,,
2753,95,,,,,,,,
2754,95,,,,,,,,
2755,95,,,,,,,,
2756,95,,,,,,,,
2757,95,,,,,,,,
2758,95,,,,,,,,
2759,95,,,,,,,,
2760,95,,,,,,,,
2761,95,,,,,,,,
2762,95,,,,,,,,
2763,95,,,,,,,,
2764,95,,,,,,,,
2765,95,,0.0006853150007373188,,,,,,
2766,95,0.0015493600003537722,,,,,,,
2767,95,,,,,,,,
2768,95,,,,,,,,
2769,95,,,,,,,,
2770,95,,,,,,,,
2771,95,,,,,,,,
2772,95,,,,,,,,
2773,95,,,,,,,,
2774,95,,,,,,,,
2775,95,,,,,,,,
2776,95,,,,,,,,
2777,95,,,,,,,,
2778,95,,,,,,,,
2779,95,,,,,,,,
2780,95,,,,,,,,
2781,95,,,,,,,,
2782,95,,,,,,,,
2783,95,,,,,,,,
2784,95,,,,,,,,
2785,95,,,,,,,,
2786,95,,,,,,,,
2787,95,,,,,,,,
2788,95,,,,,,,,
2789,95,,,,,,,,
2790,95,,,,,,,,
2791,95,,,,,,,,
2792,95,,,,,,,,
2793,95,,0.0007299829994735774,,,,,,
2794,95,0.0018042049996438436,,,,,,,
2795,95,,,,,,,,
2796,95,,,,,,,,
2797,95,,,,,,,,
2798,95,,,,,,,,
2799,95,,,,,,,,
2800,95,,,,,,,,
2801,95,,,,,,,,
2802,95,,,,,,,,
2803,95,,,,,,,,
2804,95,,,,,,,,
2805,95,,,,,,,,
2806,95,,,,,,,,
2807,95,,,,,,,,
2808,95,,,,,,,,
2809,95,,,,,,,,
2810,95,,,,,,,,
2811,95,,,,,,,,
2812,95,,,,,,,,
2813,95,,,,,,,,
2814,95,,,,,,,,
2815,95,,,,,,,,
2816,95,,,,,,,,
2817,95,,,,,,,,
2818,95,,,,,,,,
2819,100,,,0.24813895781637718,0.1,0.993125033378601,0.5332379817962647,0.993125033378601,0.5332379817962647
2820,100,,,,,,,,
2821,100,,,,,,,,
2822,100,,0.0006516789999295725,,,,,,
2823,100,0.0014852940003038384,,,,,,,
2824,100,,,,,,,,
2825,100,,,,,,,,
2826,100,,,,,,,,
2827,100,,,,,,,,
2828,100,,,,,,,,
2829,100,,,,,,,,
2830,100,,,,,,,,
2831,100,,,,,,,,
2832,100,,,,,,,,
2833,100,,,,,,,,
2834,100,,,,,,,,
2835,100,,,,,,,,
2836,100,,,,,,,,
2837,100,,,,,,,,
2838,100,,,,,,,,
2839,100,,,,,,,,
2840,100,,,,,,,,
2841,100,,,,,,,,
2842,100,,,,,,,,
2843,100,,,,,,,,
2844,100,,,,,,,,
2845,100,,,,,,,,
2846,100,,,,,,,,
2847,100,,,,,,,,
2848,100,,,,,,,,
2849,100,,,,,,,,
2850,100,,0.0007735149993095547,,,,,,
2851,100,0.0016009560004022205,,,,,,,
2852,100,,,,,,,,
2853,100,,,,,,,,
2854,100,,,,,,,,
2855,100,,,,,,,,
2856,100,,,,,,,,
2857,100,,,,,,,,
2858,100,,,,,,,,
2859,100,,,,,,,,
2860,100,,,,,,,,
2861,100,,,,,,,,
2862,100,,,,,,,,
2863,100,,,,,,,,
2864,100,,,,,,,,
2865,100,,,,,,,,
2866,100,,,,,,,,
2867,100,,,,,,,,
2868,100,,,,,,,,
2869,100,,,,,,,,
2870,100,,,,,,,,
2871,100,,,,,,,,
2872,100,,,,,,,,
2873,100,,,,,,,,
2874,100,,,,,,,,
2875,100,,,,,,,,
2876,100,,,,,,,,
2877,100,,,,,,,,
2878,100,,0.0007362220003415132,,,,,,
2879,100,0.0016547039995202795,,,,,,,
2880,100,,,,,,,,
2881,100,,,,,,,,
2882,100,,,,,,,,
2883,100,,,,,,,,
2884,100,,,,,,,,
2885,100,,,,,,,,
2886,100,,,,,,,,
2887,100,,,,,,,,
2888,100,,,,,,,,
2889,100,,,,,,,,
2890,100,,,,,,,,
2891,100,,,,,,,,
2892,100,,,,,,,,
2893,100,,,,,,,,
2894,100,,,,,,,,
2895,100,,,,,,,,
2896,100,,,,,,,,
2897,100,,,,,,,,
2898,100,,,,,,,,
2899,100,,,,,,,,
2900,100,,,,,,,,
2901,100,,,,,,,,
2902,100,,,,,,,,
2903,100,,,,,,,,
2904,100,,,,,,,,
2905,100,,,,,,,,
2906,100,,0.0007368890001089312,,,,,,
2907,100,0.0017294410008616978,,,,,,,
2908,100,,,,,,,,
2909,100,,,,,,,,
2910,100,,,,,,,,
2911,100,,,,,,,,
2912,100,,,,,,,,
2913,100,,,,,,,,
2914,100,,,,,,,,
2915,100,,,,,,,,
2916,100,,,,,,,,
2917,100,,,,,,,,
2918,100,,,,,,,,
2919,100,,,,,,,,
2920,100,,,,,,,,
2921,100,,,,,,,,
2922,100,,,,,,,,
2923,100,,,,,,,,
2924,100,,,,,,,,
2925,100,,,,,,,,
2926,100,,,,,,,,
2927,100,,,,,,,,
2928,100,,,,,,,,
2929,100,,,,,,,,
2930,100,,,,,,,,
2931,100,,,,,,,,
2932,100,,,,,,,,
2933,100,,,,,,,,
2934,100,,0.0006349040013446938,,,,,,
2935,100,0.001551081000798149,,,,,,,
2936,100,,,,,,,,
2937,100,,,,,,,,
2938,100,,,,,,,,
2939,100,,,,,,,,
2940,100,,,,,,,,
2941,100,,,,,,,,
2942,100,,,,,,,,
2943,100,,,,,,,,
2944,100,,,,,,,,
2945,100,,,,,,,,
2946,100,,,,,,,,
2947,100,,,,,,,,
2948,100,,,,,,,,
2949,100,,,,,,,,
2950,100,,,,,,,,
2951,100,,,,,,,,
2952,100,,,,,,,,
2953,100,,,,,,,,
2954,100,,,,,,,,
2955,100,,,,,,,,
2956,100,,,,,,,,
2957,100,,,,,,,,
2958,100,,,,,,,,
2959,100,,,,,,,,
2960,105,,,0.26054590570719605,0.3,1.2850000023841859,0.4960262894630432,1.2850000023841859,0.4960262894630432
2961,105,,,,,,,,
2962,105,,,,,,,,
2963,105,,0.0006709949993819464,,,,,,
2964,105,0.0015428040005645016,,,,,,,
2965,105,,,,,,,,
2966,105,,,,,,,,
2967,105,,,,,,,,
2968,105,,,,,,,,
2969,105,,,,,,,,
2970,105,,,,,,,,
2971,105,,,,,,,,
2972,105,,,,,,,,
2973,105,,,,,,,,
2974,105,,,,,,,,
2975,105,,,,,,,,
2976,105,,,,,,,,
2977,105,,,,,,,,
2978,105,,,,,,,,
2979,105,,,,,,,,
2980,105,,,,,,,,
2981,105,,,,,,,,
2982,105,,,,,,,,
2983,105,,,,,,,,
2984,105,,,,,,,,
2985,105,,,,,,,,
2986,105,,,,,,,,
2987,105,,,,,,,,
2988,105,,,,,,,,
2989,105,,,,,,,,
2990,105,,,,,,,,
2991,105,,0.0006438990003516665,,,,,,
2992,105,0.001502922001236584,,,,,,,
2993,105,,,,,,,,
2994,105,,,,,,,,
2995,105,,,,,,,,
2996,105,,,,,,,,
2997,105,,,,,,,,
2998,105,,,,,,,,
2999,105,,,,,,,,
3000,105,,,,,,,,
3001,105,,,,,,,,
3002,105,,,,,,,,
3003,105,,,,,,,,
3004,105,,,,,,,,
3005,105,,,,,,,,
3006,105,,,,,,,,
3007,105,,,,,,,,
3008,105,,,,,,,,
3009,105,,,,,,,,
3010,105,,,,,,,,
3011,105,,,,,,,,
3012,105,,,,,,,,
3013,105,,,,,,,,
3014,105,,,,,,,,
3015,105,,,,,,,,
3016,105,,,,,,,,
3017,105,,,,,,,,
3018,105,,,,,,,,
3019,105,,0.000697410001521348,,,,,,
3020,105,0.0015930940007820027,,,,,,,
3021,105,,,,,,,,
3022,105,,,,,,,,
3023,105,,,,,,,,
3024,105,,,,,,,,
3025,105,,,,,,,,
3026,105,,,,,,,,
3027,105,,,,,,,,
3028,105,,,,,,,,
3029,105,,,,,,,,
3030,105,,,,,,,,
3031,105,,,,,,,,
3032,105,,,,,,,,
3033,105,,,,,,,,
3034,105,,,,,,,,
3035,105,,,,,,,,
3036,105,,,,,,,,
3037,105,,,,,,,,
3038,105,,,,,,,,
3039,105,,,,,,,,
3040,105,,,,,,,,
3041,105,,,,,,,,
3042,105,,,,,,,,
3043,105,,,,,,,,
3044,105,,,,,,,,
3045,105,,,,,,,,
3046,105,,,,,,,,
3047,105,,0.0007032069988781586,,,,,,
3048,105,0.001650225000048522,,,,,,,
3049,105,,,,,,,,
3050,105,,,,,,,,
3051,105,,,,,,,,
3052,105,,,,,,,,
3053,105,,,,,,,,
3054,105,,,,,,,,
3055,105,,,,,,,,
3056,105,,,,,,,,
3057,105,,,,,,,,
3058,105,,,,,,,,
3059,105,,,,,,,,
3060,105,,,,,,,,
3061,105,,,,,,,,
3062,105,,,,,,,,
3063,105,,,,,,,,
3064,105,,,,,,,,
3065,105,,,,,,,,
3066,105,,,,,,,,
3067,105,,,,,,,,
3068,105,,,,,,,,
3069,105,,,,,,,,
3070,105,,,,,,,,
3071,105,,,,,,,,
3072,105,,,,,,,,
3073,105,,,,,,,,
3074,105,,,,,,,,
3075,105,,0.0007000580008025281,,,,,,
3076,105,0.0015108049992704764,,,,,,,
3077,105,,,,,,,,
3078,105,,,,,,,,
3079,105,,,,,,,,
3080,105,,,,,,,,
3081,105,,,,,,,,
3082,105,,,,,,,,
3083,105,,,,,,,,
3084,105,,,,,,,,
3085,105,,,,,,,,
3086,105,,,,,,,,
3087,105,,,,,,,,
3088,105,,,,,,,,
3089,105,,,,,,,,
3090,105,,,,,,,,
3091,105,,,,,,,,
3092,105,,,,,,,,
3093,105,,,,,,,,
3094,105,,,,,,,,
3095,105,,,,,,,,
3096,105,,,,,,,,
3097,105,,,,,,,,
3098,105,,,,,,,,
3099,105,,,,,,,,
3100,105,,,,,,,,
3101,110,,,0.2729528535980149,0.6,1.3493749976158143,0.3690119832754135,1.3493749976158143,0.3690119832754135
3102,110,,,,,,,,
3103,110,,,,,,,,
3104,110,,0.0007871150010032579,,,,,,
3105,110,0.0016997000002447749,,,,,,,
3106,110,,,,,,,,
3107,110,,,,,,,,
3108,110,,,,,,,,
3109,110,,,,,,,,
3110,110,,,,,,,,
3111,110,,,,,,,,
3112,110,,,,,,,,
3113,110,,,,,,,,
3114,110,,,,,,,,
3115,110,,,,,,,,
3116,110,,,,,,,,
3117,110,,,,,,,,
3118,110,,,,,,,,
3119,110,,,,,,,,
3120,110,,,,,,,,
3121,110,,,,,,,,
3122,110,,,,,,,,
3123,110,,,,,,,,
3124,110,,,,,,,,
3125,110,,,,,,,,
3126,110,,,,,,,,
3127,110,,,,,,,,
3128,110,,,,,,,,
3129,110,,,,,,,,
3130,110,,,,,,,,
3131,110,,,,,,,,
3132,110,,0.0006960650007385993,,,,,,
3133,110,0.0015684859990869882,,,,,,,
3134,110,,,,,,,,
3135,110,,,,,,,,
3136,110,,,,,,,,
3137,110,,,,,,,,
3138,110,,,,,,,,
3139,110,,,,,,,,
3140,110,,,,,,,,
3141,110,,,,,,,,
3142,110,,,,,,,,
3143,110,,,,,,,,
3144,110,,,,,,,,
3145,110,,,,,,,,
3146,110,,,,,,,,
3147,110,,,,,,,,
3148,110,,,,,,,,
3149,110,,,,,,,,
3150,110,,,,,,,,
3151,110,,,,,,,,
3152,110,,,,,,,,
3153,110,,,,,,,,
3154,110,,,,,,,,
3155,110,,,,,,,,
3156,110,,,,,,,,
3157,110,,,,,,,,
3158,110,,,,,,,,
3159,110,,,,,,,,
3160,110,,0.000649734000035096,,,,,,
3161,110,0.0015805550010554725,,,,,,,
3162,110,,,,,,,,
3163,110,,,,,,,,
3164,110,,,,,,,,
3165,110,,,,,,,,
3166,110,,,,,,,,
3167,110,,,,,,,,
3168,110,,,,,,,,
3169,110,,,,,,,,
3170,110,,,,,,,,
3171,110,,,,,,,,
3172,110,,,,,,,,
3173,110,,,,,,,,
3174,110,,,,,,,,
3175,110,,,,,,,,
3176,110,,,,,,,,
3177,110,,,,,,,,
3178,110,,,,,,,,
3179,110,,,,,,,,
3180,110,,,,,,,,
3181,110,,,,,,,,
3182,110,,,,,,,,
3183,110,,,,,,,,
3184,110,,,,,,,,
3185,110,,,,,,,,
3186,110,,,,,,,,
3187,110,,,,,,,,
3188,110,,0.0007245309989230009,,,,,,
3189,110,0.0015871499999775551,,,,,,,
3190,110,,,,,,,,
3191,110,,,,,,,,
3192,110,,,,,,,,
3193,110,,,,,,,,
3194,110,,,,,,,,
3195,110,,,,,,,,
3196,110,,,,,,,,
3197,110,,,,,,,,
3198,110,,,,,,,,
3199,110,,,,,,,,
3200,110,,,,,,,,
3201,110,,,,,,,,
3202,110,,,,,,,,
3203,110,,,,,,,,
3204,110,,,,,,,,
3205,110,,,,,,,,
3206,110,,,,,,,,
3207,110,,,,,,,,
3208,110,,,,,,,,
3209,110,,,,,,,,
3210,110,,,,,,,,
3211,110,,,,,,,,
3212,110,,,,,,,,
3213,110,,,,,,,,
3214,110,,,,,,,,
3215,110,,,,,,,,
3216,110,,0.0006623199988098349,,,,,,
3217,110,0.001513544999397709,,,,,,,
3218,110,,,,,,,,
3219,110,,,,,,,,
3220,110,,,,,,,,
3221,110,,,,,,,,
3222,110,,,,,,,,
3223,110,,,,,,,,
3224,110,,,,,,,,
3225,110,,,,,,,,
3226,110,,,,,,,,
3227,110,,,,,,,,
3228,110,,,,,,,,
3229,110,,,,,,,,
3230,110,,,,,,,,
3231,110,,,,,,,,
3232,110,,,,,,,,
3233,110,,,,,,,,
3234,110,,,,,,,,
3235,110,,,,,,,,
3236,110,,,,,,,,
3237,110,,,,,,,,
3238,110,,,,,,,,
3239,110,,,,,,,,
3240,110,,,,,,,,
3241,110,,,,,,,,
3242,115,,,0.2853598014888337,0.5,1.3175000309944154,0.4031460821628571,1.3175000309944154,0.4031460821628571
3243,115,,,,,,,,
3244,115,,,,,,,,
3245,115,,0.0006444260015996406,,,,,,
3246,115,0.0016432840002380544,,,,,,,
3247,115,,,,,,,,
3248,115,,,,,,,,
3249,115,,,,,,,,
3250,115,,,,,,,,
3251,115,,,,,,,,
3252,115,,,,,,,,
3253,115,,,,,,,,
3254,115,,,,,,,,
3255,115,,,,,,,,
3256,115,,,,,,,,
3257,115,,,,,,,,
3258,115,,,,,,,,
3259,115,,,,,,,,
3260,115,,,,,,,,
3261,115,,,,,,,,
3262,115,,,,,,,,
3263,115,,,,,,,,
3264,115,,,,,,,,
3265,115,,,,,,,,
3266,115,,,,,,,,
3267,115,,,,,,,,
3268,115,,,,,,,,
3269,115,,,,,,,,
3270,115,,,,,,,,
3271,115,,,,,,,,
3272,115,,,,,,,,
3273,115,,0.0006696390009892639,,,,,,
3274,115,0.001499853000495932,,,,,,,
3275,115,,,,,,,,
3276,115,,,,,,,,
3277,115,,,,,,,,
3278,115,,,,,,,,
3279,115,,,,,,,,
3280,115,,,,,,,,
3281,115,,,,,,,,
3282,115,,,,,,,,
3283,115,,,,,,,,
3284,115,,,,,,,,
3285,115,,,,,,,,
3286,115,,,,,,,,
3287,115,,,,,,,,
3288,115,,,,,,,,
3289,115,,,,,,,,
3290,115,,,,,,,,
3291,115,,,,,,,,
3292,115,,,,,,,,
3293,115,,,,,,,,
3294,115,,,,,,,,
3295,115,,,,,,,,
3296,115,,,,,,,,
3297,115,,,,,,,,
3298,115,,,,,,,,
3299,115,,,,,,,,
3300,115,,,,,,,,
3301,115,,0.0008297510012198472,,,,,,
3302,115,0.0019387760003155563,,,,,,,
3303,115,,,,,,,,
3304,115,,,,,,,,
3305,115,,,,,,,,
3306,115,,,,,,,,
3307,115,,,,,,,,
3308,115,,,,,,,,
3309,115,,,,,,,,
3310,115,,,,,,,,
3311,115,,,,,,,,
3312,115,,,,,,,,
3313,115,,,,,,,,
3314,115,,,,,,,,
3315,115,,,,,,,,
3316,115,,,,,,,,
3317,115,,,,,,,,
3318,115,,,,,,,,
3319,115,,,,,,,,
3320,115,,,,,,,,
3321,115,,,,,,,,
3322,115,,,,,,,,
3323,115,,,,,,,,
3324,115,,,,,,,,
3325,115,,,,,,,,
3326,115,,,,,,,,
3327,115,,,,,,,,
3328,115,,,,,,,,
3329,115,,0.0006618530005653156,,,,,,
3330,115,0.0015942810005071806,,,,,,,
3331,115,,,,,,,,
3332,115,,,,,,,,
3333,115,,,,,,,,
3334,115,,,,,,,,
3335,115,,,,,,,,
3336,115,,,,,,,,
3337,115,,,,,,,,
3338,115,,,,,,,,
3339,115,,,,,,,,
3340,115,,,,,,,,
3341,115,,,,,,,,
3342,115,,,,,,,,
3343,115,,,,,,,,
3344,115,,,,,,,,
3345,115,,,,,,,,
3346,115,,,,,,,,
3347,115,,,,,,,,
3348,115,,,,,,,,
3349,115,,,,,,,,
3350,115,,,,,,,,
3351,115,,,,,,,,
3352,115,,,,,,,,
3353,115,,,,,,,,
3354,115,,,,,,,,
3355,115,,,,,,,,
3356,115,,,,,,,,
3357,115,,0.0006671869996353053,,,,,,
3358,115,0.0015088290001585847,,,,,,,
3359,115,,,,,,,,
3360,115,,,,,,,,
3361,115,,,,,,,,
3362,115,,,,,,,,
3363,115,,,,,,,,
3364,115,,,,,,,,
3365,115,,,,,,,,
3366,115,,,,,,,,
3367,115,,,,,,,,
3368,115,,,,,,,,
3369,115,,,,,,,,
3370,115,,,,,,,,
3371,115,,,,,,,,
3372,115,,,,,,,,
3373,115,,,,,,,,
3374,115,,,,,,,,
3375,115,,,,,,,,
3376,115,,,,,,,,
3377,115,,,,,,,,
3378,115,,,,,,,,
3379,115,,,,,,,,
3380,115,,,,,,,,
3381,115,,,,,,,,
3382,115,,,,,,,,
3383,120,,,0.2977667493796526,0.8,1.5206250429153443,0.15803192257881166,1.5206250429153443,0.15803192257881166
3384,120,,,,,,,,
3385,120,,,,,,,,
3386,120,,0.0006401650007319404,,,,,,
3387,120,0.0015942249992804136,,,,,,,
3388,120,,,,,,,,
3389,120,,,,,,,,
3390,120,,,,,,,,
3391,120,,,,,,,,
3392,120,,,,,,,,
3393,120,,,,,,,,
3394,120,,,,,,,,
3395,120,,,,,,,,
3396,120,,,,,,,,
3397,120,,,,,,,,
3398,120,,,,,,,,
3399,120,,,,,,,,
3400,120,,,,,,,,
3401,120,,,,,,,,
3402,120,,,,,,,,
3403,120,,,,,,,,
3404,120,,,,,,,,
3405,120,,,,,,,,
3406,120,,,,,,,,
3407,120,,,,,,,,
3408,120,,,,,,,,
3409,120,,,,,,,,
3410,120,,,,,,,,
3411,120,,,,,,,,
3412,120,,,,,,,,
3413,120,,,,,,,,
3414,120,,0.0006545810010720743,,,,,,
3415,120,0.0015672059998905752,,,,,,,
3416,120,,,,,,,,
3417,120,,,,,,,,
3418,120,,,,,,,,
3419,120,,,,,,,,
3420,120,,,,,,,,
3421,120,,,,,,,,
3422,120,,,,,,,,
3423,120,,,,,,,,
3424,120,,,,,,,,
3425,120,,,,,,,,
3426,120,,,,,,,,
3427,120,,,,,,,,
3428,120,,,,,,,,
3429,120,,,,,,,,
3430,120,,,,,,,,
3431,120,,,,,,,,
3432,120,,,,,,,,
3433,120,,,,,,,,
3434,120,,,,,,,,
3435,120,,,,,,,,
3436,120,,,,,,,,
3437,120,,,,,,,,
3438,120,,,,,,,,
3439,120,,,,,,,,
3440,120,,,,,,,,
3441,120,,,,,,,,
3442,120,,0.0006646380006714026,,,,,,
3443,120,0.0016028330010158243,,,,,,,
3444,120,,,,,,,,
3445,120,,,,,,,,
3446,120,,,,,,,,
3447,120,,,,,,,,
3448,120,,,,,,,,
3449,120,,,,,,,,
3450,120,,,,,,,,
3451,120,,,,,,,,
3452,120,,,,,,,,
3453,120,,,,,,,,
3454,120,,,,,,,,
3455,120,,,,,,,,
3456,120,,,,,,,,
3457,120,,,,,,,,
3458,120,,,,,,,,
3459,120,,,,,,,,
3460,120,,,,,,,,
3461,120,,,,,,,,
3462,120,,,,,,,,
3463,120,,,,,,,,
3464,120,,,,,,,,
3465,120,,,,,,,,
3466,120,,,,,,,,
3467,120,,,,,,,,
3468,120,,,,,,,,
3469,120,,,,,,,,
3470,120,,0.0006643130000156816,,,,,,
3471,120,0.0014850679999653948,,,,,,,
3472,120,,,,,,,,
3473,120,,,,,,,,
3474,120,,,,,,,,
3475,120,,,,,,,,
3476,120,,,,,,,,
3477,120,,,,,,,,
3478,120,,,,,,,,
3479,120,,,,,,,,
3480,120,,,,,,,,
3481,120,,,,,,,,
3482,120,,,,,,,,
3483,120,,,,,,,,
3484,120,,,,,,,,
3485,120,,,,,,,,
3486,120,,,,,,,,
3487,120,,,,,,,,
3488,120,,,,,,,,
3489,120,,,,,,,,
3490,120,,,,,,,,
3491,120,,,,,,,,
3492,120,,,,,,,,
3493,120,,,,,,,,
3494,120,,,,,,,,
3495,120,,,,,,,,
3496,120,,,,,,,,
3497,120,,,,,,,,
3498,120,,0.0007334140009334078,,,,,,
3499,120,0.0016835549995448673,,,,,,,
3500,120,,,,,,,,
3501,120,,,,,,,,
3502,120,,,,,,,,
3503,120,,,,,,,,
3504,120,,,,,,,,
3505,120,,,,,,,,
3506,120,,,,,,,,
3507,120,,,,,,,,
3508,120,,,,,,,,
3509,120,,,,,,,,
3510,120,,,,,,,,
3511,120,,,,,,,,
3512,120,,,,,,,,
3513,120,,,,,,,,
3514,120,,,,,,,,
3515,120,,,,,,,,
3516,120,,,,,,,,
3517,120,,,,,,,,
3518,120,,,,,,,,
3519,120,,,,,,,,
3520,120,,,,,,,,
3521,120,,,,,,,,
3522,120,,,,,,,,
3523,120,,,,,,,,
3524,125,,,0.31017369727047145,1,1.600000023841858,0,1.600000023841858,0
3525,125,,,,,,,,
3526,125,,,,,,,,
3527,125,,0.0006504920002043946,,,,,,
3528,125,0.0016514630005985964,,,,,,,
3529,125,,,,,,,,
3530,125,,,,,,,,
3531,125,,,,,,,,
3532,125,,,,,,,,
3533,125,,,,,,,,
3534,125,,,,,,,,
3535,125,,,,,,,,
3536,125,,,,,,,,
3537,125,,,,,,,,
3538,125,,,,,,,,
3539,125,,,,,,,,
3540,125,,,,,,,,
3541,125,,,,,,,,
3542,125,,,,,,,,
3543,125,,,,,,,,
3544,125,,,,,,,,
3545,125,,,,,,,,
3546,125,,,,,,,,
3547,125,,,,,,,,
3548,125,,,,,,,,
3549,125,,,,,,,,
3550,125,,,,,,,,
3551,125,,,,,,,,
3552,125,,,,,,,,
3553,125,,,,,,,,
3554,125,,,,,,,,
3555,125,,0.0006507690013677347,,,,,,
3556,125,0.001608470000064699,,,,,,,
3557,125,,,,,,,,
3558,125,,,,,,,,
3559,125,,,,,,,,
3560,125,,,,,,,,
3561,125,,,,,,,,
3562,125,,,,,,,,
3563,125,,,,,,,,
3564,125,,,,,,,,
3565,125,,,,,,,,
3566,125,,,,,,,,
3567,125,,,,,,,,
3568,125,,,,,,,,
3569,125,,,,,,,,
3570,125,,,,,,,,
3571,125,,,,,,,,
3572,125,,,,,,,,
3573,125,,,,,,,,
3574,125,,,,,,,,
3575,125,,,,,,,,
3576,125,,,,,,,,
3577,125,,,,,,,,
3578,125,,,,,,,,
3579,125,,,,,,,,
3580,125,,,,,,,,
3581,125,,,,,,,,
3582,125,,,,,,,,
3583,125,,0.0006842270013294183,,,,,,
3584,125,0.0017734440007188823,,,,,,,
3585,125,,,,,,,,
3586,125,,,,,,,,
3587,125,,,,,,,,
3588,125,,,,,,,,
3589,125,,,,,,,,
3590,125,,,,,,,,
3591,125,,,,,,,,
3592,125,,,,,,,,
3593,125,,,,,,,,
3594,125,,,,,,,,
3595,125,,,,,,,,
3596,125,,,,,,,,
3597,125,,,,,,,,
3598,125,,,,,,,,
3599,125,,,,,,,,
3600,125,,,,,,,,
3601,125,,,,,,,,
3602,125,,,,,,,,
3603,125,,,,,,,,
3604,125,,,,,,,,
3605,125,,,,,,,,
3606,125,,,,,,,,
3607,125,,,,,,,,
3608,125,,,,,,,,
3609,125,,,,,,,,
3610,125,,,,,,,,
3611,125,,0.0006771919997845544,,,,,,
3612,125,0.0016670250006427523,,,,,,,
3613,125,,,,,,,,
3614,125,,,,,,,,
3615,125,,,,,,,,
3616,125,,,,,,,,
3617,125,,,,,,,,
3618,125,,,,,,,,
3619,125,,,,,,,,
3620,125,,,,,,,,
3621,125,,,,,,,,
3622,125,,,,,,,,
3623,125,,,,,,,,
3624,125,,,,,,,,
3625,125,,,,,,,,
3626,125,,,,,,,,
3627,125,,,,,,,,
3628,125,,,,,,,,
3629,125,,,,,,,,
3630,125,,,,,,,,
3631,125,,,,,,,,
3632,125,,,,,,,,
3633,125,,,,,,,,
3634,125,,,,,,,,
3635,125,,,,,,,,
3636,125,,,,,,,,
3637,125,,,,,,,,
3638,125,,,,,,,,
3639,125,,0.0007105260010575876,,,,,,
3640,125,0.0016581370000494644,,,,,,,
3641,125,,,,,,,,
3642,125,,,,,,,,
3643,125,,,,,,,,
3644,125,,,,,,,,
3645,125,,,,,,,,
3646,125,,,,,,,,
3647,125,,,,,,,,
3648,125,,,,,,,,
3649,125,,,,,,,,
3650,125,,,,,,,,
3651,125,,,,,,,,
3652,125,,,,,,,,
3653,125,,,,,,,,
3654,125,,,,,,,,
3655,125,,,,,,,,
3656,125,,,,,,,,
3657,125,,,,,,,,
3658,125,,,,,,,,
3659,125,,,,,,,,
3660,125,,,,,,,,
3661,125,,,,,,,,
3662,125,,,,,,,,
3663,125,,,,,,,,
3664,125,,,,,,,,
3665,130,,,0.3225806451612903,0.6,1.4825000524520875,0.352058407664299,1.4825000524520875,0.352058407664299
3666,130,,,,,,,,
3667,130,,,,,,,,
3668,130,,0.0006798590002290439,,,,,,
3669,130,0.0015148899983614683,,,,,,,
3670,130,,,,,,,,
3671,130,,,,,,,,
3672,130,,,,,,,,
3673,130,,,,,,,,
3674,130,,,,,,,,
3675,130,,,,,,,,
3676,130,,,,,,,,
3677,130,,,,,,,,
3678,130,,,,,,,,
3679,130,,,,,,,,
3680,130,,,,,,,,
3681,130,,,,,,,,
3682,130,,,,,,,,
3683,130,,,,,,,,
3684,130,,,,,,,,
3685,130,,,,,,,,
3686,130,,,,,,,,
3687,130,,,,,,,,
3688,130,,,,,,,,
3689,130,,,,,,,,
3690,130,,,,,,,,
3691,130,,,,,,,,
3692,130,,,,,,,,
3693,130,,,,,,,,
3694,130,,,,,,,,
3695,130,,,,,,,,
3696,130,,0.0006583200010936707,,,,,,
3697,130,0.0017292039992753416,,,,,,,
3698,130,,,,,,,,
3699,130,,,,,,,,
3700,130,,,,,,,,
3701,130,,,,,,,,
3702,130,,,,,,,,
3703,130,,,,,,,,
3704,130,,,,,,,,
3705,130,,,,,,,,
3706,130,,,,,,,,
3707,130,,,,,,,,
3708,130,,,,,,,,
3709,130,,,,,,,,
3710,130,,,,,,,,
3711,130,,,,,,,,
3712,130,,,,,,,,
3713,130,,,,,,,,
3714,130,,,,,,,,
3715,130,,,,,,,,
3716,130,,,,,,,,
3717,130,,,,,,,,
3718,130,,,,,,,,
3719,130,,,,,,,,
3720,130,,,,,,,,
3721,130,,,,,,,,
3722,130,,,,,,,,
3723,130,,,,,,,,
3724,130,,0.0007898059993749484,,,,,,
3725,130,0.0017712910012050997,,,,,,,
3726,130,,,,,,,,
3727,130,,,,,,,,
3728,130,,,,,,,,
3729,130,,,,,,,,
3730,130,,,,,,,,
3731,130,,,,,,,,
3732,130,,,,,,,,
3733,130,,,,,,,,
3734,130,,,,,,,,
3735,130,,,,,,,,
3736,130,,,,,,,,
3737,130,,,,,,,,
3738,130,,,,,,,,
3739,130,,,,,,,,
3740,130,,,,,,,,
3741,130,,,,,,,,
3742,130,,,,,,,,
3743,130,,,,,,,,
3744,130,,,,,,,,
3745,130,,,,,,,,
3746,130,,,,,,,,
3747,130,,,,,,,,
3748,130,,,,,,,,
3749,130,,,,,,,,
3750,130,,,,,,,,
3751,130,,,,,,,,
3752,130,,0.0008858069995767437,,,,,,
3753,130,0.001866910999524407,,,,,,,
3754,130,,,,,,,,
3755,130,,,,,,,,
3756,130,,,,,,,,
3757,130,,,,,,,,
3758,130,,,,,,,,
3759,130,,,,,,,,
3760,130,,,,,,,,
3761,130,,,,,,,,
3762,130,,,,,,,,
3763,130,,,,,,,,
3764,130,,,,,,,,
3765,130,,,,,,,,
3766,130,,,,,,,,
3767,130,,,,,,,,
3768,130,,,,,,,,
3769,130,,,,,,,,
3770,130,,,,,,,,
3771,130,,,,,,,,
3772,130,,,,,,,,
3773,130,,,,,,,,
3774,130,,,,,,,,
3775,130,,,,,,,,
3776,130,,,,,,,,
3777,130,,,,,,,,
3778,130,,,,,,,,
3779,130,,,,,,,,
3780,130,,0.0007674270000279648,,,,,,
3781,130,0.00165885999922466,,,,,,,
3782,130,,,,,,,,
3783,130,,,,,,,,
3784,130,,,,,,,,
3785,130,,,,,,,,
3786,130,,,,,,,,
3787,130,,,,,,,,
3788,130,,,,,,,,
3789,130,,,,,,,,
3790,130,,,,,,,,
3791,130,,,,,,,,
3792,130,,,,,,,,
3793,130,,,,,,,,
3794,130,,,,,,,,
3795,130,,,,,,,,
3796,130,,,,,,,,
3797,130,,,,,,,,
3798,130,,,,,,,,
3799,130,,,,,,,,
3800,130,,,,,,,,
3801,130,,,,,,,,
3802,130,,,,,,,,
3803,130,,,,,,,,
3804,130,,,,,,,,
3805,130,,,,,,,,
3806,135,,,0.3349875930521092,0.9,1.5887500286102294,0.04500000178813934,1.5887500286102294,0.04500000178813934
3807,135,,,,,,,,
3808,135,,,,,,,,
3809,135,,0.0006919089992152294,,,,,,
3810,135,0.001668597000389127,,,,,,,
3811,135,,,,,,,,
3812,135,,,,,,,,
3813,135,,,,,,,,
3814,135,,,,,,,,
3815,135,,,,,,,,
3816,135,,,,,,,,
3817,135,,,,,,,,
3818,135,,,,,,,,
3819,135,,,,,,,,
3820,135,,,,,,,,
3821,135,,,,,,,,
3822,135,,,,,,,,
3823,135,,,,,,,,
3824,135,,,,,,,,
3825,135,,,,,,,,
3826,135,,,,,,,,
3827,135,,,,,,,,
3828,135,,,,,,,,
3829,135,,,,,,,,
3830,135,,,,,,,,
3831,135,,,,,,,,
3832,135,,,,,,,,
3833,135,,,,,,,,
3834,135,,,,,,,,
3835,135,,,,,,,,
3836,135,,,,,,,,
3837,135,,0.0007130529993446544,,,,,,
3838,135,0.0015115679998416454,,,,,,,
3839,135,,,,,,,,
3840,135,,,,,,,,
3841,135,,,,,,,,
3842,135,,,,,,,,
3843,135,,,,,,,,
3844,135,,,,,,,,
3845,135,,,,,,,,
3846,135,,,,,,,,
3847,135,,,,,,,,
3848,135,,,,,,,,
3849,135,,,,,,,,
3850,135,,,,,,,,
3851,135,,,,,,,,
3852,135,,,,,,,,
3853,135,,,,,,,,
3854,135,,,,,,,,
3855,135,,,,,,,,
3856,135,,,,,,,,
3857,135,,,,,,,,
3858,135,,,,,,,,
3859,135,,,,,,,,
3860,135,,,,,,,,
3861,135,,,,,,,,
3862,135,,,,,,,,
3863,135,,,,,,,,
3864,135,,,,,,,,
3865,135,,0.0006307089988695225,,,,,,
3866,135,0.0014501919995382195,,,,,,,
3867,135,,,,,,,,
3868,135,,,,,,,,
3869,135,,,,,,,,
3870,135,,,,,,,,
3871,135,,,,,,,,
3872,135,,,,,,,,
3873,135,,,,,,,,
3874,135,,,,,,,,
3875,135,,,,,,,,
3876,135,,,,,,,,
3877,135,,,,,,,,
3878,135,,,,,,,,
3879,135,,,,,,,,
3880,135,,,,,,,,
3881,135,,,,,,,,
3882,135,,,,,,,,
3883,135,,,,,,,,
3884,135,,,,,,,,
3885,135,,,,,,,,
3886,135,,,,,,,,
3887,135,,,,,,,,
3888,135,,,,,,,,
3889,135,,,,,,,,
3890,135,,,,,,,,
3891,135,,,,,,,,
3892,135,,,,,,,,
3893,135,,0.0006512859999929788,,,,,,
3894,135,0.0014759360001335153,,,,,,,
3895,135,,,,,,,,
3896,135,,,,,,,,
3897,135,,,,,,,,
3898,135,,,,,,,,
3899,135,,,,,,,,
3900,135,,,,,,,,
3901,135,,,,,,,,
3902,135,,,,,,,,
3903,135,,,,,,,,
3904,135,,,,,,,,
3905,135,,,,,,,,
3906,135,,,,,,,,
3907,135,,,,,,,,
3908,135,,,,,,,,
3909,135,,,,,,,,
3910,135,,,,,,,,
3911,135,,,,,,,,
3912,135,,,,,,,,
3913,135,,,,,,,,
3914,135,,,,,,,,
3915,135,,,,,,,,
3916,135,,,,,,,,
3917,135,,,,,,,,
3918,135,,,,,,,,
3919,135,,,,,,,,
3920,135,,,,,,,,
3921,135,,0.0006939879986020969,,,,,,
3922,135,0.00162675399951695,,,,,,,
3923,135,,,,,,,,
3924,135,,,,,,,,
3925,135,,,,,,,,
3926,135,,,,,,,,
3927,135,,,,,,,,
3928,135,,,,,,,,
3929,135,,,,,,,,
3930,135,,,,,,,,
3931,135,,,,,,,,
3932,135,,,,,,,,
3933,135,,,,,,,,
3934,135,,,,,,,,
3935,135,,,,,,,,
3936,135,,,,,,,,
3937,135,,,,,,,,
3938,135,,,,,,,,
3939,135,,,,,,,,
3940,135,,,,,,,,
3941,135,,,,,,,,
3942,135,,,,,,,,
3943,135,,,,,,,,
3944,135,,,,,,,,
3945,135,,,,,,,,
3946,135,,,,,,,,
3947,140,,,0.34739454094292804,0.9,1.5362500190734862,0.13705838918685914,1.5362500190734862,0.13705838918685914
3948,140,,,,,,,,
3949,140,,,,,,,,
3950,140,,0.0006791030009480892,,,,,,
3951,140,0.0015130060000956291,,,,,,,
3952,140,,,,,,,,
3953,140,,,,,,,,
3954,140,,,,,,,,
3955,140,,,,,,,,
3956,140,,,,,,,,
3957,140,,,,,,,,
3958,140,,,,,,,,
3959,140,,,,,,,,
3960,140,,,,,,,,
3961,140,,,,,,,,
3962,140,,,,,,,,
3963,140,,,,,,,,
3964,140,,,,,,,,
3965,140,,,,,,,,
3966,140,,,,,,,,
3967,140,,,,,,,,
3968,140,,,,,,,,
3969,140,,,,,,,,
3970,140,,,,,,,,
3971,140,,,,,,,,
3972,140,,,,,,,,
3973,140,,,,,,,,
3974,140,,,,,,,,
3975,140,,,,,,,,
3976,140,,,,,,,,
3977,140,,,,,,,,
3978,140,,0.0006658500005869428,,,,,,
3979,140,0.0015061039994179737,,,,,,,
3980,140,,,,,,,,
3981,140,,,,,,,,
3982,140,,,,,,,,
3983,140,,,,,,,,
3984,140,,,,,,,,
3985,140,,,,,,,,
3986,140,,,,,,,,
3987,140,,,,,,,,
3988,140,,,,,,,,
3989,140,,,,,,,,
3990,140,,,,,,,,
3991,140,,,,,,,,
3992,140,,,,,,,,
3993,140,,,,,,,,
3994,140,,,,,,,,
3995,140,,,,,,,,
3996,140,,,,,,,,
3997,140,,,,,,,,
3998,140,,,,,,,,
3999,140,,,,,,,,
4000,140,,,,,,,,
4001,140,,,,,,,,
4002,140,,,,,,,,
4003,140,,,,,,,,
4004,140,,,,,,,,
4005,140,,,,,,,,
4006,140,,0.0006758590006938903,,,,,,
4007,140,0.0014884810007060878,,,,,,,
4008,140,,,,,,,,
4009,140,,,,,,,,
4010,140,,,,,,,,
4011,140,,,,,,,,
4012,140,,,,,,,,
4013,140,,,,,,,,
4014,140,,,,,,,,
4015,140,,,,,,,,
4016,140,,,,,,,,
4017,140,,,,,,,,
4018,140,,,,,,,,
4019,140,,,,,,,,
4020,140,,,,,,,,
4021,140,,,,,,,,
4022,140,,,,,,,,
4023,140,,,,,,,,
4024,140,,,,,,,,
4025,140,,,,,,,,
4026,140,,,,,,,,
4027,140,,,,,,,,
4028,140,,,,,,,,
4029,140,,,,,,,,
4030,140,,,,,,,,
4031,140,,,,,,,,
4032,140,,,,,,,,
4033,140,,,,,,,,
4034,140,,0.0006898909996380098,,,,,,
4035,140,0.0016533809994143667,,,,,,,
4036,140,,,,,,,,
4037,140,,,,,,,,
4038,140,,,,,,,,
4039,140,,,,,,,,
4040,140,,,,,,,,
4041,140,,,,,,,,
4042,140,,,,,,,,
4043,140,,,,,,,,
4044,140,,,,,,,,
4045,140,,,,,,,,
4046,140,,,,,,,,
4047,140,,,,,,,,
4048,140,,,,,,,,
4049,140,,,,,,,,
4050,140,,,,,,,,
4051,140,,,,,,,,
4052,140,,,,,,,,
4053,140,,,,,,,,
4054,140,,,,,,,,
4055,140,,,,,,,,
4056,140,,,,,,,,
4057,140,,,,,,,,
4058,140,,,,,,,,
4059,140,,,,,,,,
4060,140,,,,,,,,
4061,140,,,,,,,,
4062,140,,0.0006753889992978657,,,,,,
4063,140,0.0015571170006296597,,,,,,,
4064,140,,,,,,,,
4065,140,,,,,,,,
4066,140,,,,,,,,
4067,140,,,,,,,,
4068,140,,,,,,,,
4069,140,,,,,,,,
4070,140,,,,,,,,
4071,140,,,,,,,,
4072,140,,,,,,,,
4073,140,,,,,,,,
4074,140,,,,,,,,
4075,140,,,,,,,,
4076,140,,,,,,,,
4077,140,,,,,,,,
4078,140,,,,,,,,
4079,140,,,,,,,,
4080,140,,,,,,,,
4081,140,,,,,,,,
4082,140,,,,,,,,
4083,140,,,,,,,,
4084,140,,,,,,,,
4085,140,,,,,,,,
4086,140,,,,,,,,
4087,140,,,,,,,,
4088,145,,,0.3598014888337469,0.6,1.5187500715255737,0.29014432728290557,1.5187500715255737,0.29014432728290557
4089,145,,,,,,,,
4090,145,,,,,,,,
4091,145,,0.0007501620002585696,,,,,,
4092,145,0.0015261600001394982,,,,,,,
4093,145,,,,,,,,
4094,145,,,,,,,,
4095,145,,,,,,,,
4096,145,,,,,,,,
4097,145,,,,,,,,
4098,145,,,,,,,,
4099,145,,,,,,,,
4100,145,,,,,,,,
4101,145,,,,,,,,
4102,145,,,,,,,,
4103,145,,,,,,,,
4104,145,,,,,,,,
4105,145,,,,,,,,
4106,145,,,,,,,,
4107,145,,,,,,,,
4108,145,,,,,,,,
4109,145,,,,,,,,
4110,145,,,,,,,,
4111,145,,,,,,,,
4112,145,,,,,,,,
4113,145,,,,,,,,
4114,145,,,,,,,,
4115,145,,,,,,,,
4116,145,,,,,,,,
4117,145,,,,,,,,
4118,145,,,,,,,,
4119,145,,0.0006533630003104918,,,,,,
4120,145,0.0016062009999586735,,,,,,,
4121,145,,,,,,,,
4122,145,,,,,,,,
4123,145,,,,,,,,
4124,145,,,,,,,,
4125,145,,,,,,,,
4126,145,,,,,,,,
4127,145,,,,,,,,
4128,145,,,,,,,,
4129,145,,,,,,,,
4130,145,,,,,,,,
4131,145,,,,,,,,
4132,145,,,,,,,,
4133,145,,,,,,,,
4134,145,,,,,,,,
4135,145,,,,,,,,
4136,145,,,,,,,,
4137,145,,,,,,,,
4138,145,,,,,,,,
4139,145,,,,,,,,
4140,145,,,,,,,,
4141,145,,,,,,,,
4142,145,,,,,,,,
4143,145,,,,,,,,
4144,145,,,,,,,,
4145,145,,,,,,,,
4146,145,,,,,,,,
4147,145,,0.0006843289993412327,,,,,,
4148,145,0.001522904000012204,,,,,,,
4149,145,,,,,,,,
4150,145,,,,,,,,
4151,145,,,,,,,,
4152,145,,,,,,,,
4153,145,,,,,,,,
4154,145,,,,,,,,
4155,145,,,,,,,,
4156,145,,,,,,,,
4157,145,,,,,,,,
4158,145,,,,,,,,
4159,145,,,,,,,,
4160,145,,,,,,,,
4161,145,,,,,,,,
4162,145,,,,,,,,
4163,145,,,,,,,,
4164,145,,,,,,,,
4165,145,,,,,,,,
4166,145,,,,,,,,
4167,145,,,,,,,,
4168,145,,,,,,,,
4169,145,,,,,,,,
4170,145,,,,,,,,
4171,145,,,,,,,,
4172,145,,,,,,,,
4173,145,,,,,,,,
4174,145,,,,,,,,
4175,145,,0.0006567370000993833,,,,,,
4176,145,0.0014873359996272484,,,,,,,
4177,145,,,,,,,,
4178,145,,,,,,,,
4179,145,,,,,,,,
4180,145,,,,,,,,
4181,145,,,,,,,,
4182,145,,,,,,,,
4183,145,,,,,,,,
4184,145,,,,,,,,
4185,145,,,,,,,,
4186,145,,,,,,,,
4187,145,,,,,,,,
4188,145,,,,,,,,
4189,145,,,,,,,,
4190,145,,,,,,,,
4191,145,,,,,,,,
4192,145,,,,,,,,
4193,145,,,,,,,,
4194,145,,,,,,,,
4195,145,,,,,,,,
4196,145,,,,,,,,
4197,145,,,,,,,,
4198,145,,,,,,,,
4199,145,,,,,,,,
4200,145,,,,,,,,
4201,145,,,,,,,,
4202,145,,,,,,,,
4203,145,,0.0007990379999682773,,,,,,
4204,145,0.0018630340000527212,,,,,,,
4205,145,,,,,,,,
4206,145,,,,,,,,
4207,145,,,,,,,,
4208,145,,,,,,,,
4209,145,,,,,,,,
4210,145,,,,,,,,
4211,145,,,,,,,,
4212,145,,,,,,,,
4213,145,,,,,,,,
4214,145,,,,,,,,
4215,145,,,,,,,,
4216,145,,,,,,,,
4217,145,,,,,,,,
4218,145,,,,,,,,
4219,145,,,,,,,,
4220,145,,,,,,,,
4221,145,,,,,,,,
4222,145,,,,,,,,
4223,145,,,,,,,,
4224,145,,,,,,,,
4225,145,,,,,,,,
4226,145,,,,,,,,
4227,145,,,,,,,,
4228,145,,,,,,,,
4229,150,,,0.37220843672456577,0.8,1.5525000095367432,0.12756032943725587,1.5525000095367432,0.12756032943725587
4230,150,,,,,,,,
4231,150,,,,,,,,
4232,150,,0.0006884360009280499,,,,,,
4233,150,0.0016410810003435472,,,,,,,
4234,150,,,,,,,,
4235,150,,,,,,,,
4236,150,,,,,,,,
4237,150,,,,,,,,
4238,150,,,,,,,,
4239,150,,,,,,,,
4240,150,,,,,,,,
4241,150,,,,,,,,
4242,150,,,,,,,,
4243,150,,,,,,,,
4244,150,,,,,,,,
4245,150,,,,,,,,
4246,150,,,,,,,,
4247,150,,,,,,,,
4248,150,,,,,,,,
4249,150,,,,,,,,
4250,150,,,,,,,,
4251,150,,,,,,,,
4252,150,,,,,,,,
4253,150,,,,,,,,
4254,150,,,,,,,,
4255,150,,,,,,,,
4256,150,,,,,,,,
4257,150,,,,,,,,
4258,150,,,,,,,,
4259,150,,,,,,,,
4260,150,,0.0006626020003750455,,,,,,
4261,150,0.0014966279995860532,,,,,,,
4262,150,,,,,,,,
4263,150,,,,,,,,
4264,150,,,,,,,,
4265,150,,,,,,,,
4266,150,,,,,,,,
4267,150,,,,,,,,
4268,150,,,,,,,,
4269,150,,,,,,,,
4270,150,,,,,,,,
4271,150,,,,,,,,
4272,150,,,,,,,,
4273,150,,,,,,,,
4274,150,,,,,,,,
4275,150,,,,,,,,
4276,150,,,,,,,,
4277,150,,,,,,,,
4278,150,,,,,,,,
4279,150,,,,,,,,
4280,150,,,,,,,,
4281,150,,,,,,,,
4282,150,,,,,,,,
4283,150,,,,,,,,
4284,150,,,,,,,,
4285,150,,,,,,,,
4286,150,,,,,,,,
4287,150,,,,,,,,
4288,150,,0.0006632059994444717,,,,,,
4289,150,0.0015681360000598943,,,,,,,
4290,150,,,,,,,,
4291,150,,,,,,,,
4292,150,,,,,,,,
4293,150,,,,,,,,
4294,150,,,,,,,,
4295,150,,,,,,,,
4296,150,,,,,,,,
4297,150,,,,,,,,
4298,150,,,,,,,,
4299,150,,,,,,,,
4300,150,,,,,,,,
4301,150,,,,,,,,
4302,150,,,,,,,,
4303,150,,,,,,,,
4304,150,,,,,,,,
4305,150,,,,,,,,
4306,150,,,,,,,,
4307,150,,,,,,,,
4308,150,,,,,,,,
4309,150,,,,,,,,
4310,150,,,,,,,,
4311,150,,,,,,,,
4312,150,,,,,,,,
4313,150,,,,,,,,
4314,150,,,,,,,,
4315,150,,,,,,,,
4316,150,,0.0006072160012990935,,,,,,
4317,150,0.0016261979999399045,,,,,,,
4318,150,,,,,,,,
4319,150,,,,,,,,
4320,150,,,,,,,,
4321,150,,,,,,,,
4322,150,,,,,,,,
4323,150,,,,,,,,
4324,150,,,,,,,,
4325,150,,,,,,,,
4326,150,,,,,,,,
4327,150,,,,,,,,
4328,150,,,,,,,,
4329,150,,,,,,,,
4330,150,,,,,,,,
4331,150,,,,,,,,
4332,150,,,,,,,,
4333,150,,,,,,,,
4334,150,,,,,,,,
4335,150,,,,,,,,
4336,150,,,,,,,,
4337,150,,,,,,,,
4338,150,,,,,,,,
4339,150,,,,,,,,
4340,150,,,,,,,,
4341,150,,,,,,,,
4342,150,,,,,,,,
4343,150,,,,,,,,
4344,150,,0.0006341530006466201,,,,,,
4345,150,0.0015591000010317657,,,,,,,
4346,150,,,,,,,,
4347,150,,,,,,,,
4348,150,,,,,,,,
4349,150,,,,,,,,
4350,150,,,,,,,,
4351,150,,,,,,,,
4352,150,,,,,,,,
4353,150,,,,,,,,
4354,150,,,,,,,,
4355,150,,,,,,,,
4356,150,,,,,,,,
4357,150,,,,,,,,
4358,150,,,,,,,,
4359,150,,,,,,,,
4360,150,,,,,,,,
4361,150,,,,,,,,
4362,150,,,,,,,,
4363,150,,,,,,,,
4364,150,,,,,,,,
4365,150,,,,,,,,
4366,150,,,,,,,,
4367,150,,,,,,,,
4368,150,,,,,,,,
4369,150,,,,,,,,
4370,155,,,0.38461538461538464,1,1.4300000190734863,0.17557525634765625,1.4300000190734863,0.17557525634765625
4371,155,,,,,,,,
4372,155,,,,,,,,
4373,155,,0.0006545790001837304,,,,,,
4374,155,0.0014484420007647714,,,,,,,
4375,155,,,,,,,,
4376,155,,,,,,,,
4377,155,,,,,,,,
4378,155,,,,,,,,
4379,155,,,,,,,,
4380,155,,,,,,,,
4381,155,,,,,,,,
4382,155,,,,,,,,
4383,155,,,,,,,,
4384,155,,,,,,,,
4385,155,,,,,,,,
4386,155,,,,,,,,
4387,155,,,,,,,,
4388,155,,,,,,,,
4389,155,,,,,,,,
4390,155,,,,,,,,
4391,155,,,,,,,,
4392,155,,,,,,,,
4393,155,,,,,,,,
4394,155,,,,,,,,
4395,155,,,,,,,,
4396,155,,,,,,,,
4397,155,,,,,,,,
4398,155,,,,,,,,
4399,155,,,,,,,,
4400,155,,,,,,,,
4401,155,,0.0006556869993801229,,,,,,
4402,155,0.0015334670006268425,,,,,,,
4403,155,,,,,,,,
4404,155,,,,,,,,
4405,155,,,,,,,,
4406,155,,,,,,,,
4407,155,,,,,,,,
4408,155,,,,,,,,
4409,155,,,,,,,,
4410,155,,,,,,,,
4411,155,,,,,,,,
4412,155,,,,,,,,
4413,155,,,,,,,,
4414,155,,,,,,,,
4415,155,,,,,,,,
4416,155,,,,,,,,
4417,155,,,,,,,,
4418,155,,,,,,,,
4419,155,,,,,,,,
4420,155,,,,,,,,
4421,155,,,,,,,,
4422,155,,,,,,,,
4423,155,,,,,,,,
4424,155,,,,,,,,
4425,155,,,,,,,,
4426,155,,,,,,,,
4427,155,,,,,,,,
4428,155,,,,,,,,
4429,155,,0.0006652689990005456,,,,,,
4430,155,0.0016119179999805056,,,,,,,
4431,155,,,,,,,,
4432,155,,,,,,,,
4433,155,,,,,,,,
4434,155,,,,,,,,
4435,155,,,,,,,,
4436,155,,,,,,,,
4437,155,,,,,,,,
4438,155,,,,,,,,
4439,155,,,,,,,,
4440,155,,,,,,,,
4441,155,,,,,,,,
4442,155,,,,,,,,
4443,155,,,,,,,,
4444,155,,,,,,,,
4445,155,,,,,,,,
4446,155,,,,,,,,
4447,155,,,,,,,,
4448,155,,,,,,,,
4449,155,,,,,,,,
4450,155,,,,,,,,
4451,155,,,,,,,,
4452,155,,,,,,,,
4453,155,,,,,,,,
4454,155,,,,,,,,
4455,155,,,,,,,,
4456,155,,,,,,,,
4457,155,,0.0006114440002420451,,,,,,
4458,155,0.001455076999263838,,,,,,,
4459,155,,,,,,,,
4460,155,,,,,,,,
4461,155,,,,,,,,
4462,155,,,,,,,,
4463,155,,,,,,,,
4464,155,,,,,,,,
4465,155,,,,,,,,
4466,155,,,,,,,,
4467,155,,,,,,,,
4468,155,,,,,,,,
4469,155,,,,,,,,
4470,155,,,,,,,,
4471,155,,,,,,,,
4472,155,,,,,,,,
4473,155,,,,,,,,
4474,155,,,,,,,,
4475,155,,,,,,,,
4476,155,,,,,,,,
4477,155,,,,,,,,
4478,155,,,,,,,,
4479,155,,,,,,,,
4480,155,,,,,,,,
4481,155,,,,,,,,
4482,155,,,,,,,,
4483,155,,,,,,,,
4484,155,,,,,,,,
4485,155,,0.0007505240009777481,,,,,,
4486,155,0.0018747960002656328,,,,,,,
4487,155,,,,,,,,
4488,155,,,,,,,,
4489,155,,,,,,,,
4490,155,,,,,,,,
4491,155,,,,,,,,
4492,155,,,,,,,,
4493,155,,,,,,,,
4494,155,,,,,,,,
4495,155,,,,,,,,
4496,155,,,,,,,,
4497,155,,,,,,,,
4498,155,,,,,,,,
4499,155,,,,,,,,
4500,155,,,,,,,,
4501,155,,,,,,,,
4502,155,,,,,,,,
4503,155,,,,,,,,
4504,155,,,,,,,,
4505,155,,,,,,,,
4506,155,,,,,,,,
4507,155,,,,,,,,
4508,155,,,,,,,,
4509,155,,,,,,,,
4510,155,,,,,,,,
4511,160,,,0.3970223325062035,0.9,1.5887500286102294,0.04500000178813934,1.5887500286102294,0.04500000178813934
4512,160,,,,,,,,
4513,160,,,,,,,,
4514,160,,0.000669827000820078,,,,,,
4515,160,0.001686100000370061,,,,,,,
4516,160,,,,,,,,
4517,160,,,,,,,,
4518,160,,,,,,,,
4519,160,,,,,,,,
4520,160,,,,,,,,
4521,160,,,,,,,,
4522,160,,,,,,,,
4523,160,,,,,,,,
4524,160,,,,,,,,
4525,160,,,,,,,,
4526,160,,,,,,,,
4527,160,,,,,,,,
4528,160,,,,,,,,
4529,160,,,,,,,,
4530,160,,,,,,,,
4531,160,,,,,,,,
4532,160,,,,,,,,
4533,160,,,,,,,,
4534,160,,,,,,,,
4535,160,,,,,,,,
4536,160,,,,,,,,
4537,160,,,,,,,,
4538,160,,,,,,,,
4539,160,,,,,,,,
4540,160,,,,,,,,
4541,160,,,,,,,,
4542,160,,0.0007909159994596848,,,,,,
4543,160,0.0015335560001403792,,,,,,,
4544,160,,,,,,,,
4545,160,,,,,,,,
4546,160,,,,,,,,
4547,160,,,,,,,,
4548,160,,,,,,,,
4549,160,,,,,,,,
4550,160,,,,,,,,
4551,160,,,,,,,,
4552,160,,,,,,,,
4553,160,,,,,,,,
4554,160,,,,,,,,
4555,160,,,,,,,,
4556,160,,,,,,,,
4557,160,,,,,,,,
4558,160,,,,,,,,
4559,160,,,,,,,,
4560,160,,,,,,,,
4561,160,,,,,,,,
4562,160,,,,,,,,
4563,160,,,,,,,,
4564,160,,,,,,,,
4565,160,,,,,,,,
4566,160,,,,,,,,
4567,160,,,,,,,,
4568,160,,,,,,,,
4569,160,,,,,,,,
4570,160,,0.0006445170001825318,,,,,,
4571,160,0.0016185599997697864,,,,,,,
4572,160,,,,,,,,
4573,160,,,,,,,,
4574,160,,,,,,,,
4575,160,,,,,,,,
4576,160,,,,,,,,
4577,160,,,,,,,,
4578,160,,,,,,,,
4579,160,,,,,,,,
4580,160,,,,,,,,
4581,160,,,,,,,,
4582,160,,,,,,,,
4583,160,,,,,,,,
4584,160,,,,,,,,
4585,160,,,,,,,,
4586,160,,,,,,,,
4587,160,,,,,,,,
4588,160,,,,,,,,
4589,160,,,,,,,,
4590,160,,,,,,,,
4591,160,,,,,,,,
4592,160,,,,,,,,
4593,160,,,,,,,,
4594,160,,,,,,,,
4595,160,,,,,,,,
4596,160,,,,,,,,
4597,160,,,,,,,,
4598,160,,0.0007898399999248795,,,,,,
4599,160,0.0017265900005440926,,,,,,,
4600,160,,,,,,,,
4601,160,,,,,,,,
4602,160,,,,,,,,
4603,160,,,,,,,,
4604,160,,,,,,,,
4605,160,,,,,,,,
4606,160,,,,,,,,
4607,160,,,,,,,,
4608,160,,,,,,,,
4609,160,,,,,,,,
4610,160,,,,,,,,
4611,160,,,,,,,,
4612,160,,,,,,,,
4613,160,,,,,,,,
4614,160,,,,,,,,
4615,160,,,,,,,,
4616,160,,,,,,,,
4617,160,,,,,,,,
4618,160,,,,,,,,
4619,160,,,,,,,,
4620,160,,,,,,,,
4621,160,,,,,,,,
4622,160,,,,,,,,
4623,160,,,,,,,,
4624,160,,,,,,,,
4625,160,,,,,,,,
4626,160,,0.000671543999487767,,,,,,
4627,160,0.0014575619989045663,,,,,,,
4628,160,,,,,,,,
4629,160,,,,,,,,
4630,160,,,,,,,,
4631,160,,,,,,,,
4632,160,,,,,,,,
4633,160,,,,,,,,
4634,160,,,,,,,,
4635,160,,,,,,,,
4636,160,,,,,,,,
4637,160,,,,,,,,
4638,160,,,,,,,,
4639,160,,,,,,,,
4640,160,,,,,,,,
4641,160,,,,,,,,
4642,160,,,,,,,,
4643,160,,,,,,,,
4644,160,,,,,,,,
4645,160,,,,,,,,
4646,160,,,,,,,,
4647,160,,,,,,,,
4648,160,,,,,,,,
4649,160,,,,,,,,
4650,160,,,,,,,,
4651,160,,,,,,,,
4652,165,,,0.4094292803970223,1,1.600000023841858,0,1.600000023841858,0
4653,165,,,,,,,,
4654,165,,,,,,,,
4655,165,,0.0007247800003824523,,,,,,
4656,165,0.0017029479986376828,,,,,,,
4657,165,,,,,,,,
4658,165,,,,,,,,
4659,165,,,,,,,,
4660,165,,,,,,,,
4661,165,,,,,,,,
4662,165,,,,,,,,
4663,165,,,,,,,,
4664,165,,,,,,,,
4665,165,,,,,,,,
4666,165,,,,,,,,
4667,165,,,,,,,,
4668,165,,,,,,,,
4669,165,,,,,,,,
4670,165,,,,,,,,
4671,165,,,,,,,,
4672,165,,,,,,,,
4673,165,,,,,,,,
4674,165,,,,,,,,
4675,165,,,,,,,,
4676,165,,,,,,,,
4677,165,,,,,,,,
4678,165,,,,,,,,
4679,165,,,,,,,,
4680,165,,,,,,,,
4681,165,,,,,,,,
4682,165,,,,,,,,
4683,165,,0.0006350280000333441,,,,,,
4684,165,0.0014702650005347095,,,,,,,
4685,165,,,,,,,,
4686,165,,,,,,,,
4687,165,,,,,,,,
4688,165,,,,,,,,
4689,165,,,,,,,,
4690,165,,,,,,,,
4691,165,,,,,,,,
4692,165,,,,,,,,
4693,165,,,,,,,,
4694,165,,,,,,,,
4695,165,,,,,,,,
4696,165,,,,,,,,
4697,165,,,,,,,,
4698,165,,,,,,,,
4699,165,,,,,,,,
4700,165,,,,,,,,
4701,165,,,,,,,,
4702,165,,,,,,,,
4703,165,,,,,,,,
4704,165,,,,,,,,
4705,165,,,,,,,,
4706,165,,,,,,,,
4707,165,,,,,,,,
4708,165,,,,,,,,
4709,165,,,,,,,,
4710,165,,,,,,,,
4711,165,,0.0006942030013306066,,,,,,
4712,165,0.0016209860004892107,,,,,,,
4713,165,,,,,,,,
4714,165,,,,,,,,
4715,165,,,,,,,,
4716,165,,,,,,,,
4717,165,,,,,,,,
4718,165,,,,,,,,
4719,165,,,,,,,,
4720,165,,,,,,,,
4721,165,,,,,,,,
4722,165,,,,,,,,
4723,165,,,,,,,,
4724,165,,,,,,,,
4725,165,,,,,,,,
4726,165,,,,,,,,
4727,165,,,,,,,,
4728,165,,,,,,,,
4729,165,,,,,,,,
4730,165,,,,,,,,
4731,165,,,,,,,,
4732,165,,,,,,,,
4733,165,,,,,,,,
4734,165,,,,,,,,
4735,165,,,,,,,,
4736,165,,,,,,,,
4737,165,,,,,,,,
4738,165,,,,,,,,
4739,165,,0.0006729710003128275,,,,,,
4740,165,0.0015720579995104345,,,,,,,
4741,165,,,,,,,,
4742,165,,,,,,,,
4743,165,,,,,,,,
4744,165,,,,,,,,
4745,165,,,,,,,,
4746,165,,,,,,,,
4747,165,,,,,,,,
4748,165,,,,,,,,
4749,165,,,,,,,,
4750,165,,,,,,,,
4751,165,,,,,,,,
4752,165,,,,,,,,
4753,165,,,,,,,,
4754,165,,,,,,,,
4755,165,,,,,,,,
4756,165,,,,,,,,
4757,165,,,,,,,,
4758,165,,,,,,,,
4759,165,,,,,,,,
4760,165,,,,,,,,
4761,165,,,,,,,,
4762,165,,,,,,,,
4763,165,,,,,,,,
4764,165,,,,,,,,
4765,165,,,,,,,,
4766,165,,,,,,,,
4767,165,,0.0006474950005213032,,,,,,
4768,165,0.0015235549999488285,,,,,,,
4769,165,,,,,,,,
4770,165,,,,,,,,
4771,165,,,,,,,,
4772,165,,,,,,,,
4773,165,,,,,,,,
4774,165,,,,,,,,
4775,165,,,,,,,,
4776,165,,,,,,,,
4777,165,,,,,,,,
4778,165,,,,,,,,
4779,165,,,,,,,,
4780,165,,,,,,,,
4781,165,,,,,,,,
4782,165,,,,,,,,
4783,165,,,,,,,,
4784,165,,,,,,,,
4785,165,,,,,,,,
4786,165,,,,,,,,
4787,165,,,,,,,,
4788,165,,,,,,,,
4789,165,,,,,,,,
4790,165,,,,,,,,
4791,165,,,,,,,,
4792,165,,,,,,,,
4793,170,,,0.4218362282878412,1,1.600000023841858,0,1.600000023841858,0
4794,170,,,,,,,,
4795,170,,,,,,,,
4796,170,,0.0006379379992722534,,,,,,
4797,170,0.0014654009992227657,,,,,,,
4798,170,,,,,,,,
4799,170,,,,,,,,
4800,170,,,,,,,,
4801,170,,,,,,,,
4802,170,,,,,,,,
4803,170,,,,,,,,
4804,170,,,,,,,,
4805,170,,,,,,,,
4806,170,,,,,,,,
4807,170,,,,,,,,
4808,170,,,,,,,,
4809,170,,,,,,,,
4810,170,,,,,,,,
4811,170,,,,,,,,
4812,170,,,,,,,,
4813,170,,,,,,,,
4814,170,,,,,,,,
4815,170,,,,,,,,
4816,170,,,,,,,,
4817,170,,,,,,,,
4818,170,,,,,,,,
4819,170,,,,,,,,
4820,170,,,,,,,,
4821,170,,,,,,,,
4822,170,,,,,,,,
4823,170,,,,,,,,
4824,170,,0.0007993550007086014,,,,,,
4825,170,0.0016026060002332088,,,,,,,
4826,170,,,,,,,,
4827,170,,,,,,,,
4828,170,,,,,,,,
4829,170,,,,,,,,
4830,170,,,,,,,,
4831,170,,,,,,,,
4832,170,,,,,,,,
4833,170,,,,,,,,
4834,170,,,,,,,,
4835,170,,,,,,,,
4836,170,,,,,,,,
4837,170,,,,,,,,
4838,170,,,,,,,,
4839,170,,,,,,,,
4840,170,,,,,,,,
4841,170,,,,,,,,
4842,170,,,,,,,,
4843,170,,,,,,,,
4844,170,,,,,,,,
4845,170,,,,,,,,
4846,170,,,,,,,,
4847,170,,,,,,,,
4848,170,,,,,,,,
4849,170,,,,,,,,
4850,170,,,,,,,,
4851,170,,,,,,,,
4852,170,,0.0006423260001611197,,,,,,
4853,170,0.0015731460007373244,,,,,,,
4854,170,,,,,,,,
4855,170,,,,,,,,
4856,170,,,,,,,,
4857,170,,,,,,,,
4858,170,,,,,,,,
4859,170,,,,,,,,
4860,170,,,,,,,,
4861,170,,,,,,,,
4862,170,,,,,,,,
4863,170,,,,,,,,
4864,170,,,,,,,,
4865,170,,,,,,,,
4866,170,,,,,,,,
4867,170,,,,,,,,
4868,170,,,,,,,,
4869,170,,,,,,,,
4870,170,,,,,,,,
4871,170,,,,,,,,
4872,170,,,,,,,,
4873,170,,,,,,,,
4874,170,,,,,,,,
4875,170,,,,,,,,
4876,170,,,,,,,,
4877,170,,,,,,,,
4878,170,,,,,,,,
4879,170,,,,,,,,
4880,170,,0.0006763850014976924,,,,,,
4881,170,0.0015620409994880902,,,,,,,
4882,170,,,,,,,,
4883,170,,,,,,,,
4884,170,,,,,,,,
4885,170,,,,,,,,
4886,170,,,,,,,,
4887,170,,,,,,,,
4888,170,,,,,,,,
4889,170,,,,,,,,
4890,170,,,,,,,,
4891,170,,,,,,,,
4892,170,,,,,,,,
4893,170,,,,,,,,
4894,170,,,,,,,,
4895,170,,,,,,,,
4896,170,,,,,,,,
4897,170,,,,,,,,
4898,170,,,,,,,,
4899,170,,,,,,,,
4900,170,,,,,,,,
4901,170,,,,,,,,
4902,170,,,,,,,,
4903,170,,,,,,,,
4904,170,,,,,,,,
4905,170,,,,,,,,
4906,170,,,,,,,,
4907,170,,,,,,,,
4908,170,,0.0006995650001044851,,,,,,
4909,170,0.0016218050004681572,,,,,,,
4910,170,,,,,,,,
4911,170,,,,,,,,
4912,170,,,,,,,,
4913,170,,,,,,,,
4914,170,,,,,,,,
4915,170,,,,,,,,
4916,170,,,,,,,,
4917,170,,,,,,,,
4918,170,,,,,,,,
4919,170,,,,,,,,
4920,170,,,,,,,,
4921,170,,,,,,,,
4922,170,,,,,,,,
4923,170,,,,,,,,
4924,170,,,,,,,,
4925,170,,,,,,,,
4926,170,,,,,,,,
4927,170,,,,,,,,
4928,170,,,,,,,,
4929,170,,,,,,,,
4930,170,,,,,,,,
4931,170,,,,,,,,
4932,170,,,,,,,,
4933,170,,,,,,,,
4934,175,,,0.43424317617866004,1,1.600000023841858,0,1.600000023841858,0
4935,175,,,,,,,,
4936,175,,,,,,,,
4937,175,,0.0007495490008295747,,,,,,
4938,175,0.0016325579999829642,,,,,,,
4939,175,,,,,,,,
4940,175,,,,,,,,
4941,175,,,,,,,,
4942,175,,,,,,,,
4943,175,,,,,,,,
4944,175,,,,,,,,
4945,175,,,,,,,,
4946,175,,,,,,,,
4947,175,,,,,,,,
4948,175,,,,,,,,
4949,175,,,,,,,,
4950,175,,,,,,,,
4951,175,,,,,,,,
4952,175,,,,,,,,
4953,175,,,,,,,,
4954,175,,,,,,,,
4955,175,,,,,,,,
4956,175,,,,,,,,
4957,175,,,,,,,,
4958,175,,,,,,,,
4959,175,,,,,,,,
4960,175,,,,,,,,
4961,175,,,,,,,,
4962,175,,,,,,,,
4963,175,,,,,,,,
4964,175,,,,,,,,
4965,175,,0.0006636519992753165,,,,,,
4966,175,0.0015549620002275333,,,,,,,
4967,175,,,,,,,,
4968,175,,,,,,,,
4969,175,,,,,,,,
4970,175,,,,,,,,
4971,175,,,,,,,,
4972,175,,,,,,,,
4973,175,,,,,,,,
4974,175,,,,,,,,
4975,175,,,,,,,,
4976,175,,,,,,,,
4977,175,,,,,,,,
4978,175,,,,,,,,
4979,175,,,,,,,,
4980,175,,,,,,,,
4981,175,,,,,,,,
4982,175,,,,,,,,
4983,175,,,,,,,,
4984,175,,,,,,,,
4985,175,,,,,,,,
4986,175,,,,,,,,
4987,175,,,,,,,,
4988,175,,,,,,,,
4989,175,,,,,,,,
4990,175,,,,,,,,
4991,175,,,,,,,,
4992,175,,,,,,,,
4993,175,,0.0006282079993980005,,,,,,
4994,175,0.0013806820006720955,,,,,,,
4995,175,,,,,,,,
4996,175,,,,,,,,
4997,175,,,,,,,,
4998,175,,,,,,,,
4999,175,,,,,,,,
5000,175,,,,,,,,
5001,175,,,,,,,,
5002,175,,,,,,,,
5003,175,,,,,,,,
5004,175,,,,,,,,
5005,175,,,,,,,,
5006,175,,,,,,,,
5007,175,,,,,,,,
5008,175,,,,,,,,
5009,175,,,,,,,,
5010,175,,,,,,,,
5011,175,,,,,,,,
5012,175,,,,,,,,
5013,175,,,,,,,,
5014,175,,,,,,,,
5015,175,,,,,,,,
5016,175,,,,,,,,
5017,175,,,,,,,,
5018,175,,,,,,,,
5019,175,,,,,,,,
5020,175,,,,,,,,
5021,175,,0.0006205570007296046,,,,,,
5022,175,0.0014954409998608753,,,,,,,
5023,175,,,,,,,,
5024,175,,,,,,,,
5025,175,,,,,,,,
5026,175,,,,,,,,
5027,175,,,,,,,,
5028,175,,,,,,,,
5029,175,,,,,,,,
5030,175,,,,,,,,
5031,175,,,,,,,,
5032,175,,,,,,,,
5033,175,,,,,,,,
5034,175,,,,,,,,
5035,175,,,,,,,,
5036,175,,,,,,,,
5037,175,,,,,,,,
5038,175,,,,,,,,
5039,175,,,,,,,,
5040,175,,,,,,,,
5041,175,,,,,,,,
5042,175,,,,,,,,
5043,175,,,,,,,,
5044,175,,,,,,,,
5045,175,,,,,,,,
5046,175,,,,,,,,
5047,175,,,,,,,,
5048,175,,,,,,,,
5049,175,,0.0007331380002142396,,,,,,
5050,175,0.0015829749991098652,,,,,,,
5051,175,,,,,,,,
5052,175,,,,,,,,
5053,175,,,,,,,,
5054,175,,,,,,,,
5055,175,,,,,,,,
5056,175,,,,,,,,
5057,175,,,,,,,,
5058,175,,,,,,,,
5059,175,,,,,,,,
5060,175,,,,,,,,
5061,175,,,,,,,,
5062,175,,,,,,,,
5063,175,,,,,,,,
5064,175,,,,,,,,
5065,175,,,,,,,,
5066,175,,,,,,,,
5067,175,,,,,,,,
5068,175,,,,,,,,
5069,175,,,,,,,,
5070,175,,,,,,,,
5071,175,,,,,,,,
5072,175,,,,,,,,
5073,175,,,,,,,,
5074,175,,,,,,,,
5075,180,,,0.4466501240694789,1,1.600000023841858,0,1.600000023841858,0
5076,180,,,,,,,,
5077,180,,,,,,,,
5078,180,,0.000768161000451073,,,,,,
5079,180,0.001815612000427791,,,,,,,
5080,180,,,,,,,,
5081,180,,,,,,,,
5082,180,,,,,,,,
5083,180,,,,,,,,
5084,180,,,,,,,,
5085,180,,,,,,,,
5086,180,,,,,,,,
5087,180,,,,,,,,
5088,180,,,,,,,,
5089,180,,,,,,,,
5090,180,,,,,,,,
5091,180,,,,,,,,
5092,180,,,,,,,,
5093,180,,,,,,,,
5094,180,,,,,,,,
5095,180,,,,,,,,
5096,180,,,,,,,,
5097,180,,,,,,,,
5098,180,,,,,,,,
5099,180,,,,,,,,
5100,180,,,,,,,,
5101,180,,,,,,,,
5102,180,,,,,,,,
5103,180,,,,,,,,
5104,180,,,,,,,,
5105,180,,,,,,,,
5106,180,,0.0006275420000747545,,,,,,
5107,180,0.0014371329998539295,,,,,,,
5108,180,,,,,,,,
5109,180,,,,,,,,
5110,180,,,,,,,,
5111,180,,,,,,,,
5112,180,,,,,,,,
5113,180,,,,,,,,
5114,180,,,,,,,,
5115,180,,,,,,,,
5116,180,,,,,,,,
5117,180,,,,,,,,
5118,180,,,,,,,,
5119,180,,,,,,,,
5120,180,,,,,,,,
5121,180,,,,,,,,
5122,180,,,,,,,,
5123,180,,,,,,,,
5124,180,,,,,,,,
5125,180,,,,,,,,
5126,180,,,,,,,,
5127,180,,,,,,,,
5128,180,,,,,,,,
5129,180,,,,,,,,
5130,180,,,,,,,,
5131,180,,,,,,,,
5132,180,,,,,,,,
5133,180,,,,,,,,
5134,180,,0.0006704729985358426,,,,,,
5135,180,0.0013699669998459285,,,,,,,
5136,180,,,,,,,,
5137,180,,,,,,,,
5138,180,,,,,,,,
5139,180,,,,,,,,
5140,180,,,,,,,,
5141,180,,,,,,,,
5142,180,,,,,,,,
5143,180,,,,,,,,
5144,180,,,,,,,,
5145,180,,,,,,,,
5146,180,,,,,,,,
5147,180,,,,,,,,
5148,180,,,,,,,,
5149,180,,,,,,,,
5150,180,,,,,,,,
5151,180,,,,,,,,
5152,180,,,,,,,,
5153,180,,,,,,,,
5154,180,,,,,,,,
5155,180,,,,,,,,
5156,180,,,,,,,,
5157,180,,,,,,,,
5158,180,,,,,,,,
5159,180,,,,,,,,
5160,180,,,,,,,,
5161,180,,,,,,,,
5162,180,,0.0006722239995724522,,,,,,
5163,180,0.0015452600000571692,,,,,,,
5164,180,,,,,,,,
5165,180,,,,,,,,
5166,180,,,,,,,,
5167,180,,,,,,,,
5168,180,,,,,,,,
5169,180,,,,,,,,
5170,180,,,,,,,,
5171,180,,,,,,,,
5172,180,,,,,,,,
5173,180,,,,,,,,
5174,180,,,,,,,,
5175,180,,,,,,,,
5176,180,,,,,,,,
5177,180,,,,,,,,
5178,180,,,,,,,,
5179,180,,,,,,,,
5180,180,,,,,,,,
5181,180,,,,,,,,
5182,180,,,,,,,,
5183,180,,,,,,,,
5184,180,,,,,,,,
5185,180,,,,,,,,
5186,180,,,,,,,,
5187,180,,,,,,,,
5188,180,,,,,,,,
5189,180,,,,,,,,
5190,180,,0.0006549469999299617,,,,,,
5191,180,0.0014624409996031318,,,,,,,
5192,180,,,,,,,,
5193,180,,,,,,,,
5194,180,,,,,,,,
5195,180,,,,,,,,
5196,180,,,,,,,,
5197,180,,,,,,,,
5198,180,,,,,,,,
5199,180,,,,,,,,
5200,180,,,,,,,,
5201,180,,,,,,,,
5202,180,,,,,,,,
5203,180,,,,,,,,
5204,180,,,,,,,,
5205,180,,,,,,,,
5206,180,,,,,,,,
5207,180,,,,,,,,
5208,180,,,,,,,,
5209,180,,,,,,,,
5210,180,,,,,,,,
5211,180,,,,,,,,
5212,180,,,,,,,,
5213,180,,,,,,,,
5214,180,,,,,,,,
5215,180,,,,,,,,
5216,185,,,0.45905707196029777,0.8,1.4512500166893005,0.17419817447662353,1.4512500166893005,0.17419817447662353
5217,185,,,,,,,,
5218,185,,,,,,,,
5219,185,,0.0006870060005894629,,,,,,
5220,185,0.0015549470008409116,,,,,,,
5221,185,,,,,,,,
5222,185,,,,,,,,
5223,185,,,,,,,,
5224,185,,,,,,,,
5225,185,,,,,,,,
5226,185,,,,,,,,
5227,185,,,,,,,,
5228,185,,,,,,,,
5229,185,,,,,,,,
5230,185,,,,,,,,
5231,185,,,,,,,,
5232,185,,,,,,,,
5233,185,,,,,,,,
5234,185,,,,,,,,
5235,185,,,,,,,,
5236,185,,,,,,,,
5237,185,,,,,,,,
5238,185,,,,,,,,
5239,185,,,,,,,,
5240,185,,,,,,,,
5241,185,,,,,,,,
5242,185,,,,,,,,
5243,185,,,,,,,,
5244,185,,,,,,,,
5245,185,,,,,,,,
5246,185,,,,,,,,
5247,185,,0.0006791910000174539,,,,,,
5248,185,0.001637104000110412,,,,,,,
5249,185,,,,,,,,
5250,185,,,,,,,,
5251,185,,,,,,,,
5252,185,,,,,,,,
5253,185,,,,,,,,
5254,185,,,,,,,,
5255,185,,,,,,,,
5256,185,,,,,,,,
5257,185,,,,,,,,
5258,185,,,,,,,,
5259,185,,,,,,,,
5260,185,,,,,,,,
5261,185,,,,,,,,
5262,185,,,,,,,,
5263,185,,,,,,,,
5264,185,,,,,,,,
5265,185,,,,,,,,
5266,185,,,,,,,,
5267,185,,,,,,,,
5268,185,,,,,,,,
5269,185,,,,,,,,
5270,185,,,,,,,,
5271,185,,,,,,,,
5272,185,,,,,,,,
5273,185,,,,,,,,
5274,185,,,,,,,,
5275,185,,0.0007421520003845217,,,,,,
5276,185,0.0015876109991950216,,,,,,,
5277,185,,,,,,,,
5278,185,,,,,,,,
5279,185,,,,,,,,
5280,185,,,,,,,,
5281,185,,,,,,,,
5282,185,,,,,,,,
5283,185,,,,,,,,
5284,185,,,,,,,,
5285,185,,,,,,,,
5286,185,,,,,,,,
5287,185,,,,,,,,
5288,185,,,,,,,,
5289,185,,,,,,,,
5290,185,,,,,,,,
5291,185,,,,,,,,
5292,185,,,,,,,,
5293,185,,,,,,,,
5294,185,,,,,,,,
5295,185,,,,,,,,
5296,185,,,,,,,,
5297,185,,,,,,,,
5298,185,,,,,,,,
5299,185,,,,,,,,
5300,185,,,,,,,,
5301,185,,,,,,,,
5302,185,,,,,,,,
5303,185,,0.0006419499986805022,,,,,,
5304,185,0.0015337470013037091,,,,,,,
5305,185,,,,,,,,
5306,185,,,,,,,,
5307,185,,,,,,,,
5308,185,,,,,,,,
5309,185,,,,,,,,
5310,185,,,,,,,,
5311,185,,,,,,,,
5312,185,,,,,,,,
5313,185,,,,,,,,
5314,185,,,,,,,,
5315,185,,,,,,,,
5316,185,,,,,,,,
5317,185,,,,,,,,
5318,185,,,,,,,,
5319,185,,,,,,,,
5320,185,,,,,,,,
5321,185,,,,,,,,
5322,185,,,,,,,,
5323,185,,,,,,,,
5324,185,,,,,,,,
5325,185,,,,,,,,
5326,185,,,,,,,,
5327,185,,,,,,,,
5328,185,,,,,,,,
5329,185,,,,,,,,
5330,185,,,,,,,,
5331,185,,0.0006961320013942895,,,,,,
5332,185,0.001605072000529617,,,,,,,
5333,185,,,,,,,,
5334,185,,,,,,,,
5335,185,,,,,,,,
5336,185,,,,,,,,
5337,185,,,,,,,,
5338,185,,,,,,,,
5339,185,,,,,,,,
5340,185,,,,,,,,
5341,185,,,,,,,,
5342,185,,,,,,,,
5343,185,,,,,,,,
5344,185,,,,,,,,
5345,185,,,,,,,,
5346,185,,,,,,,,
5347,185,,,,,,,,
5348,185,,,,,,,,
5349,185,,,,,,,,
5350,185,,,,,,,,
5351,185,,,,,,,,
5352,185,,,,,,,,
5353,185,,,,,,,,
5354,185,,,,,,,,
5355,185,,,,,,,,
5356,185,,,,,,,,
5357,190,,,0.47146401985111663,0.8,1.5675000429153443,0.1300000101327896,1.5675000429153443,0.1300000101327896
5358,190,,,,,,,,
5359,190,,,,,,,,
5360,190,,0.0006490039995696861,,,,,,
5361,190,0.0016376139992644312,,,,,,,
5362,190,,,,,,,,
5363,190,,,,,,,,
5364,190,,,,,,,,
5365,190,,,,,,,,
5366,190,,,,,,,,
5367,190,,,,,,,,
5368,190,,,,,,,,
5369,190,,,,,,,,
5370,190,,,,,,,,
5371,190,,,,,,,,
5372,190,,,,,,,,
5373,190,,,,,,,,
5374,190,,,,,,,,
5375,190,,,,,,,,
5376,190,,,,,,,,
5377,190,,,,,,,,
5378,190,,,,,,,,
5379,190,,,,,,,,
5380,190,,,,,,,,
5381,190,,,,,,,,
5382,190,,,,,,,,
5383,190,,,,,,,,
5384,190,,,,,,,,
5385,190,,,,,,,,
5386,190,,,,,,,,
5387,190,,,,,,,,
5388,190,,0.0007643500011909055,,,,,,
5389,190,0.0016476509990752675,,,,,,,
5390,190,,,,,,,,
5391,190,,,,,,,,
5392,190,,,,,,,,
5393,190,,,,,,,,
5394,190,,,,,,,,
5395,190,,,,,,,,
5396,190,,,,,,,,
5397,190,,,,,,,,
5398,190,,,,,,,,
5399,190,,,,,,,,
5400,190,,,,,,,,
5401,190,,,,,,,,
5402,190,,,,,,,,
5403,190,,,,,,,,
5404,190,,,,,,,,
5405,190,,,,,,,,
5406,190,,,,,,,,
5407,190,,,,,,,,
5408,190,,,,,,,,
5409,190,,,,,,,,
5410,190,,,,,,,,
5411,190,,,,,,,,
5412,190,,,,,,,,
5413,190,,,,,,,,
5414,190,,,,,,,,
5415,190,,,,,,,,
5416,190,,0.0007110749993444188,,,,,,
5417,190,0.001693045000138227,,,,,,,
5418,190,,,,,,,,
5419,190,,,,,,,,
5420,190,,,,,,,,
5421,190,,,,,,,,
5422,190,,,,,,,,
5423,190,,,,,,,,
5424,190,,,,,,,,
5425,190,,,,,,,,
5426,190,,,,,,,,
5427,190,,,,,,,,
5428,190,,,,,,,,
5429,190,,,,,,,,
5430,190,,,,,,,,
5431,190,,,,,,,,
5432,190,,,,,,,,
5433,190,,,,,,,,
5434,190,,,,,,,,
5435,190,,,,,,,,
5436,190,,,,,,,,
5437,190,,,,,,,,
5438,190,,,,,,,,
5439,190,,,,,,,,
5440,190,,,,,,,,
5441,190,,,,,,,,
5442,190,,,,,,,,
5443,190,,,,,,,,
5444,190,,0.0006778219994885148,,,,,,
5445,190,0.0014529149993904866,,,,,,,
5446,190,,,,,,,,
5447,190,,,,,,,,
5448,190,,,,,,,,
5449,190,,,,,,,,
5450,190,,,,,,,,
5451,190,,,,,,,,
5452,190,,,,,,,,
5453,190,,,,,,,,
5454,190,,,,,,,,
5455,190,,,,,,,,
5456,190,,,,,,,,
5457,190,,,,,,,,
5458,190,,,,,,,,
5459,190,,,,,,,,
5460,190,,,,,,,,
5461,190,,,,,,,,
5462,190,,,,,,,,
5463,190,,,,,,,,
5464,190,,,,,,,,
5465,190,,,,,,,,
5466,190,,,,,,,,
5467,190,,,,,,,,
5468,190,,,,,,,,
5469,190,,,,,,,,
5470,190,,,,,,,,
5471,190,,,,,,,,
5472,190,,0.0008012109992705518,,,,,,
5473,190,0.001812651000363985,,,,,,,
5474,190,,,,,,,,
5475,190,,,,,,,,
5476,190,,,,,,,,
5477,190,,,,,,,,
5478,190,,,,,,,,
5479,190,,,,,,,,
5480,190,,,,,,,,
5481,190,,,,,,,,
5482,190,,,,,,,,
5483,190,,,,,,,,
5484,190,,,,,,,,
5485,190,,,,,,,,
5486,190,,,,,,,,
5487,190,,,,,,,,
5488,190,,,,,,,,
5489,190,,,,,,,,
5490,190,,,,,,,,
5491,190,,,,,,,,
5492,190,,,,,,,,
5493,190,,,,,,,,
5494,190,,,,,,,,
5495,190,,,,,,,,
5496,190,,,,,,,,
5497,190,,,,,,,,
5498,195,,,0.4838709677419355,1,1.600000023841858,0,1.600000023841858,0
5499,195,,,,,,,,
5500,195,,,,,,,,
5501,195,,0.000651450998702785,,,,,,
5502,195,0.0015252610010065837,,,,,,,
5503,195,,,,,,,,
5504,195,,,,,,,,
5505,195,,,,,,,,
5506,195,,,,,,,,
5507,195,,,,,,,,
5508,195,,,,,,,,
5509,195,,,,,,,,
5510,195,,,,,,,,
5511,195,,,,,,,,
5512,195,,,,,,,,
5513,195,,,,,,,,
5514,195,,,,,,,,
5515,195,,,,,,,,
5516,195,,,,,,,,
5517,195,,,,,,,,
5518,195,,,,,,,,
5519,195,,,,,,,,
5520,195,,,,,,,,
5521,195,,,,,,,,
5522,195,,,,,,,,
5523,195,,,,,,,,
5524,195,,,,,,,,
5525,195,,,,,,,,
5526,195,,,,,,,,
5527,195,,,,,,,,
5528,195,,,,,,,,
5529,195,,0.0007216939993668348,,,,,,
5530,195,0.0016071829995780718,,,,,,,
5531,195,,,,,,,,
5532,195,,,,,,,,
5533,195,,,,,,,,
5534,195,,,,,,,,
5535,195,,,,,,,,
5536,195,,,,,,,,
5537,195,,,,,,,,
5538,195,,,,,,,,
5539,195,,,,,,,,
5540,195,,,,,,,,
5541,195,,,,,,,,
5542,195,,,,,,,,
5543,195,,,,,,,,
5544,195,,,,,,,,
5545,195,,,,,,,,
5546,195,,,,,,,,
5547,195,,,,,,,,
5548,195,,,,,,,,
5549,195,,,,,,,,
5550,195,,,,,,,,
5551,195,,,,,,,,
5552,195,,,,,,,,
5553,195,,,,,,,,
5554,195,,,,,,,,
5555,195,,,,,,,,
5556,195,,,,,,,,
5557,195,,0.0006802890002290951,,,,,,
5558,195,0.0014352439993672306,,,,,,,
5559,195,,,,,,,,
5560,195,,,,,,,,
5561,195,,,,,,,,
5562,195,,,,,,,,
5563,195,,,,,,,,
5564,195,,,,,,,,
5565,195,,,,,,,,
5566,195,,,,,,,,
5567,195,,,,,,,,
5568,195,,,,,,,,
5569,195,,,,,,,,
5570,195,,,,,,,,
5571,195,,,,,,,,
5572,195,,,,,,,,
5573,195,,,,,,,,
5574,195,,,,,,,,
5575,195,,,,,,,,
5576,195,,,,,,,,
5577,195,,,,,,,,
5578,195,,,,,,,,
5579,195,,,,,,,,
5580,195,,,,,,,,
5581,195,,,,,,,,
5582,195,,,,,,,,
5583,195,,,,,,,,
5584,195,,,,,,,,
5585,195,,0.0006865830000606366,,,,,,
5586,195,0.0016287140006170375,,,,,,,
5587,195,,,,,,,,
5588,195,,,,,,,,
5589,195,,,,,,,,
5590,195,,,,,,,,
5591,195,,,,,,,,
5592,195,,,,,,,,
5593,195,,,,,,,,
5594,195,,,,,,,,
5595,195,,,,,,,,
5596,195,,,,,,,,
5597,195,,,,,,,,
5598,195,,,,,,,,
5599,195,,,,,,,,
5600,195,,,,,,,,
5601,195,,,,,,,,
5602,195,,,,,,,,
5603,195,,,,,,,,
5604,195,,,,,,,,
5605,195,,,,,,,,
5606,195,,,,,,,,
5607,195,,,,,,,,
5608,195,,,,,,,,
5609,195,,,,,,,,
5610,195,,,,,,,,
5611,195,,,,,,,,
5612,195,,,,,,,,
5613,195,,0.0006799559996579774,,,,,,
5614,195,0.0016978349995042663,,,,,,,
5615,195,,,,,,,,
5616,195,,,,,,,,
5617,195,,,,,,,,
5618,195,,,,,,,,
5619,195,,,,,,,,
5620,195,,,,,,,,
5621,195,,,,,,,,
5622,195,,,,,,,,
5623,195,,,,,,,,
5624,195,,,,,,,,
5625,195,,,,,,,,
5626,195,,,,,,,,
5627,195,,,,,,,,
5628,195,,,,,,,,
5629,195,,,,,,,,
5630,195,,,,,,,,
5631,195,,,,,,,,
5632,195,,,,,,,,
5633,195,,,,,,,,
5634,195,,,,,,,,
5635,195,,,,,,,,
5636,195,,,,,,,,
5637,195,,,,,,,,
5638,195,,,,,,,,
5639,200,,,0.49627791563275436,0.9,1.5787500381469726,0.08500000834465027,1.5787500381469726,0.08500000834465027
5640,200,,,,,,,,
5641,200,,,,,,,,
5642,200,,0.0007188159997895127,,,,,,
5643,200,0.0016101340006571263,,,,,,,
5644,200,,,,,,,,
5645,200,,,,,,,,
5646,200,,,,,,,,
5647,200,,,,,,,,
5648,200,,,,,,,,
5649,200,,,,,,,,
5650,200,,,,,,,,
5651,200,,,,,,,,
5652,200,,,,,,,,
5653,200,,,,,,,,
5654,200,,,,,,,,
5655,200,,,,,,,,
5656,200,,,,,,,,
5657,200,,,,,,,,
5658,200,,,,,,,,
5659,200,,,,,,,,
5660,200,,,,,,,,
5661,200,,,,,,,,
5662,200,,,,,,,,
5663,200,,,,,,,,
5664,200,,,,,,,,
5665,200,,,,,,,,
5666,200,,,,,,,,
5667,200,,,,,,,,
5668,200,,,,,,,,
5669,200,,,,,,,,
5670,200,,0.000624087000687723,,,,,,
5671,200,0.0015555130012216978,,,,,,,
5672,200,,,,,,,,
5673,200,,,,,,,,
5674,200,,,,,,,,
5675,200,,,,,,,,
5676,200,,,,,,,,
5677,200,,,,,,,,
5678,200,,,,,,,,
5679,200,,,,,,,,
5680,200,,,,,,,,
5681,200,,,,,,,,
5682,200,,,,,,,,
5683,200,,,,,,,,
5684,200,,,,,,,,
5685,200,,,,,,,,
5686,200,,,,,,,,
5687,200,,,,,,,,
5688,200,,,,,,,,
5689,200,,,,,,,,
5690,200,,,,,,,,
5691,200,,,,,,,,
5692,200,,,,,,,,
5693,200,,,,,,,,
5694,200,,,,,,,,
5695,200,,,,,,,,
5696,200,,,,,,,,
5697,200,,,,,,,,
5698,200,,0.0006371010003931588,,,,,,
5699,200,0.0015161379997152835,,,,,,,
5700,200,,,,,,,,
5701,200,,,,,,,,
5702,200,,,,,,,,
5703,200,,,,,,,,
5704,200,,,,,,,,
5705,200,,,,,,,,
5706,200,,,,,,,,
5707,200,,,,,,,,
5708,200,,,,,,,,
5709,200,,,,,,,,
5710,200,,,,,,,,
5711,200,,,,,,,,
5712,200,,,,,,,,
5713,200,,,,,,,,
5714,200,,,,,,,,
5715,200,,,,,,,,
5716,200,,,,,,,,
5717,200,,,,,,,,
5718,200,,,,,,,,
5719,200,,,,,,,,
5720,200,,,,,,,,
5721,200,,,,,,,,
5722,200,,,,,,,,
5723,200,,,,,,,,
5724,200,,,,,,,,
5725,200,,,,,,,,
5726,200,,0.0006689880010526394,,,,,,
5727,200,0.001549116999740363,,,,,,,
5728,200,,,,,,,,
5729,200,,,,,,,,
5730,200,,,,,,,,
5731,200,,,,,,,,
5732,200,,,,,,,,
5733,200,,,,,,,,
5734,200,,,,,,,,
5735,200,,,,,,,,
5736,200,,,,,,,,
5737,200,,,,,,,,
5738,200,,,,,,,,
5739,200,,,,,,,,
5740,200,,,,,,,,
5741,200,,,,,,,,
5742,200,,,,,,,,
5743,200,,,,,,,,
5744,200,,,,,,,,
5745,200,,,,,,,,
5746,200,,,,,,,,
5747,200,,,,,,,,
5748,200,,,,,,,,
5749,200,,,,,,,,
5750,200,,,,,,,,
5751,200,,,,,,,,
5752,200,,,,,,,,
5753,200,,,,,,,,
5754,200,,0.0006521209998027189,,,,,,
5755,200,0.0014699479997943854,,,,,,,
5756,200,,,,,,,,
5757,200,,,,,,,,
5758,200,,,,,,,,
5759,200,,,,,,,,
5760,200,,,,,,,,
5761,200,,,,,,,,
5762,200,,,,,,,,
5763,200,,,,,,,,
5764,200,,,,,,,,
5765,200,,,,,,,,
5766,200,,,,,,,,
5767,200,,,,,,,,
5768,200,,,,,,,,
5769,200,,,,,,,,
5770,200,,,,,,,,
5771,200,,,,,,,,
5772,200,,,,,,,,
5773,200,,,,,,,,
5774,200,,,,,,,,
5775,200,,,,,,,,
5776,200,,,,,,,,
5777,200,,,,,,,,
5778,200,,,,,,,,
5779,200,,,,,,,,
5780,205,,,0.5086848635235732,0.8,1.5462500333786011,0.17848798036575317,1.5462500333786011,0.17848798036575317
5781,205,,,,,,,,
5782,205,,,,,,,,
5783,205,,0.0007580239998787874,,,,,,
5784,205,0.0016983510013233172,,,,,,,
5785,205,,,,,,,,
5786,205,,,,,,,,
5787,205,,,,,,,,
5788,205,,,,,,,,
5789,205,,,,,,,,
5790,205,,,,,,,,
5791,205,,,,,,,,
5792,205,,,,,,,,
5793,205,,,,,,,,
5794,205,,,,,,,,
5795,205,,,,,,,,
5796,205,,,,,,,,
5797,205,,,,,,,,
5798,205,,,,,,,,
5799,205,,,,,,,,
5800,205,,,,,,,,
5801,205,,,,,,,,
5802,205,,,,,,,,
5803,205,,,,,,,,
5804,205,,,,,,,,
5805,205,,,,,,,,
5806,205,,,,,,,,
5807,205,,,,,,,,
5808,205,,,,,,,,
5809,205,,,,,,,,
5810,205,,,,,,,,
5811,205,,0.0006164389997138642,,,,,,
5812,205,0.0016072670005087275,,,,,,,
5813,205,,,,,,,,
5814,205,,,,,,,,
5815,205,,,,,,,,
5816,205,,,,,,,,
5817,205,,,,,,,,
5818,205,,,,,,,,
5819,205,,,,,,,,
5820,205,,,,,,,,
5821,205,,,,,,,,
5822,205,,,,,,,,
5823,205,,,,,,,,
5824,205,,,,,,,,
5825,205,,,,,,,,
5826,205,,,,,,,,
5827,205,,,,,,,,
5828,205,,,,,,,,
5829,205,,,,,,,,
5830,205,,,,,,,,
5831,205,,,,,,,,
5832,205,,,,,,,,
5833,205,,,,,,,,
5834,205,,,,,,,,
5835,205,,,,,,,,
5836,205,,,,,,,,
5837,205,,,,,,,,
5838,205,,,,,,,,
5839,205,,0.0006645169996772893,,,,,,
5840,205,0.0015518370000791037,,,,,,,
5841,205,,,,,,,,
5842,205,,,,,,,,
5843,205,,,,,,,,
5844,205,,,,,,,,
5845,205,,,,,,,,
5846,205,,,,,,,,
5847,205,,,,,,,,
5848,205,,,,,,,,
5849,205,,,,,,,,
5850,205,,,,,,,,
5851,205,,,,,,,,
5852,205,,,,,,,,
5853,205,,,,,,,,
5854,205,,,,,,,,
5855,205,,,,,,,,
5856,205,,,,,,,,
5857,205,,,,,,,,
5858,205,,,,,,,,
5859,205,,,,,,,,
5860,205,,,,,,,,
5861,205,,,,,,,,
5862,205,,,,,,,,
5863,205,,,,,,,,
5864,205,,,,,,,,
5865,205,,,,,,,,
5866,205,,,,,,,,
5867,205,,0.0006372509997163434,,,,,,
5868,205,0.0015472249997401377,,,,,,,
5869,205,,,,,,,,
5870,205,,,,,,,,
5871,205,,,,,,,,
5872,205,,,,,,,,
5873,205,,,,,,,,
5874,205,,,,,,,,
5875,205,,,,,,,,
5876,205,,,,,,,,
5877,205,,,,,,,,
5878,205,,,,,,,,
5879,205,,,,,,,,
5880,205,,,,,,,,
5881,205,,,,,,,,
5882,205,,,,,,,,
5883,205,,,,,,,,
5884,205,,,,,,,,
5885,205,,,,,,,,
5886,205,,,,,,,,
5887,205,,,,,,,,
5888,205,,,,,,,,
5889,205,,,,,,,,
5890,205,,,,,,,,
5891,205,,,,,,,,
5892,205,,,,,,,,
5893,205,,,,,,,,
5894,205,,,,,,,,
5895,205,,0.0007308919994102325,,,,,,
5896,205,0.0016515879997314187,,,,,,,
5897,205,,,,,,,,
5898,205,,,,,,,,
5899,205,,,,,,,,
5900,205,,,,,,,,
5901,205,,,,,,,,
5902,205,,,,,,,,
5903,205,,,,,,,,
5904,205,,,,,,,,
5905,205,,,,,,,,
5906,205,,,,,,,,
5907,205,,,,,,,,
5908,205,,,,,,,,
5909,205,,,,,,,,
5910,205,,,,,,,,
5911,205,,,,,,,,
5912,205,,,,,,,,
5913,205,,,,,,,,
5914,205,,,,,,,,
5915,205,,,,,,,,
5916,205,,,,,,,,
5917,205,,,,,,,,
5918,205,,,,,,,,
5919,205,,,,,,,,
5920,205,,,,,,,,
5921,210,,,0.5210918114143921,1,1.600000023841858,0,1.600000023841858,0
5922,210,,,,,,,,
5923,210,,,,,,,,
5924,210,,0.000658519000353408,,,,,,
5925,210,0.0014936120005586417,,,,,,,
5926,210,,,,,,,,
5927,210,,,,,,,,
5928,210,,,,,,,,
5929,210,,,,,,,,
5930,210,,,,,,,,
5931,210,,,,,,,,
5932,210,,,,,,,,
5933,210,,,,,,,,
5934,210,,,,,,,,
5935,210,,,,,,,,
5936,210,,,,,,,,
5937,210,,,,,,,,
5938,210,,,,,,,,
5939,210,,,,,,,,
5940,210,,,,,,,,
5941,210,,,,,,,,
5942,210,,,,,,,,
5943,210,,,,,,,,
5944,210,,,,,,,,
5945,210,,,,,,,,
5946,210,,,,,,,,
5947,210,,,,,,,,
5948,210,,,,,,,,
5949,210,,,,,,,,
5950,210,,,,,,,,
5951,210,,,,,,,,
5952,210,,0.0006567839991475921,,,,,,
5953,210,0.0015769669989822432,,,,,,,
5954,210,,,,,,,,
5955,210,,,,,,,,
5956,210,,,,,,,,
5957,210,,,,,,,,
5958,210,,,,,,,,
5959,210,,,,,,,,
5960,210,,,,,,,,
5961,210,,,,,,,,
5962,210,,,,,,,,
5963,210,,,,,,,,
5964,210,,,,,,,,
5965,210,,,,,,,,
5966,210,,,,,,,,
5967,210,,,,,,,,
5968,210,,,,,,,,
5969,210,,,,,,,,
5970,210,,,,,,,,
5971,210,,,,,,,,
5972,210,,,,,,,,
5973,210,,,,,,,,
5974,210,,,,,,,,
5975,210,,,,,,,,
5976,210,,,,,,,,
5977,210,,,,,,,,
5978,210,,,,,,,,
5979,210,,,,,,,,
5980,210,,0.0006605919988942333,,,,,,
5981,210,0.0014109620005910983,,,,,,,
5982,210,,,,,,,,
5983,210,,,,,,,,
5984,210,,,,,,,,
5985,210,,,,,,,,
5986,210,,,,,,,,
5987,210,,,,,,,,
5988,210,,,,,,,,
5989,210,,,,,,,,
5990,210,,,,,,,,
5991,210,,,,,,,,
5992,210,,,,,,,,
5993,210,,,,,,,,
5994,210,,,,,,,,
5995,210,,,,,,,,
5996,210,,,,,,,,
5997,210,,,,,,,,
5998,210,,,,,,,,
5999,210,,,,,,,,
6000,210,,,,,,,,
6001,210,,,,,,,,
6002,210,,,,,,,,
6003,210,,,,,,,,
6004,210,,,,,,,,
6005,210,,,,,,,,
6006,210,,,,,,,,
6007,210,,,,,,,,
6008,210,,0.0006252309995034011,,,,,,
6009,210,0.0014921570000296924,,,,,,,
6010,210,,,,,,,,
6011,210,,,,,,,,
6012,210,,,,,,,,
6013,210,,,,,,,,
6014,210,,,,,,,,
6015,210,,,,,,,,
6016,210,,,,,,,,
6017,210,,,,,,,,
6018,210,,,,,,,,
6019,210,,,,,,,,
6020,210,,,,,,,,
6021,210,,,,,,,,
6022,210,,,,,,,,
6023,210,,,,,,,,
6024,210,,,,,,,,
6025,210,,,,,,,,
6026,210,,,,,,,,
6027,210,,,,,,,,
6028,210,,,,,,,,
6029,210,,,,,,,,
6030,210,,,,,,,,
6031,210,,,,,,,,
6032,210,,,,,,,,
6033,210,,,,,,,,
6034,210,,,,,,,,
6035,210,,,,,,,,
6036,210,,0.0006945990007807268,,,,,,
6037,210,0.0015409690004162258,,,,,,,
6038,210,,,,,,,,
6039,210,,,,,,,,
6040,210,,,,,,,,
6041,210,,,,,,,,
6042,210,,,,,,,,
6043,210,,,,,,,,
6044,210,,,,,,,,
6045,210,,,,,,,,
6046,210,,,,,,,,
6047,210,,,,,,,,
6048,210,,,,,,,,
6049,210,,,,,,,,
6050,210,,,,,,,,
6051,210,,,,,,,,
6052,210,,,,,,,,
6053,210,,,,,,,,
6054,210,,,,,,,,
6055,210,,,,,,,,
6056,210,,,,,,,,
6057,210,,,,,,,,
6058,210,,,,,,,,
6059,210,,,,,,,,
6060,210,,,,,,,,
6061,210,,,,,,,,
6062,215,,,0.533498759305211,0.8,1.5550000429153443,0.11756033003330231,1.5550000429153443,0.11756033003330231
6063,215,,,,,,,,
6064,215,,,,,,,,
6065,215,,0.0006517490000987891,,,,,,
6066,215,0.0015481509999517584,,,,,,,
6067,215,,,,,,,,
6068,215,,,,,,,,
6069,215,,,,,,,,
6070,215,,,,,,,,
6071,215,,,,,,,,
6072,215,,,,,,,,
6073,215,,,,,,,,
6074,215,,,,,,,,
6075,215,,,,,,,,
6076,215,,,,,,,,
6077,215,,,,,,,,
6078,215,,,,,,,,
6079,215,,,,,,,,
6080,215,,,,,,,,
6081,215,,,,,,,,
6082,215,,,,,,,,
6083,215,,,,,,,,
6084,215,,,,,,,,
6085,215,,,,,,,,
6086,215,,,,,,,,
6087,215,,,,,,,,
6088,215,,,,,,,,
6089,215,,,,,,,,
6090,215,,,,,,,,
6091,215,,,,,,,,
6092,215,,,,,,,,
6093,215,,0.0006603810015803901,,,,,,
6094,215,0.001554856000439031,,,,,,,
6095,215,,,,,,,,
6096,215,,,,,,,,
6097,215,,,,,,,,
6098,215,,,,,,,,
6099,215,,,,,,,,
6100,215,,,,,,,,
6101,215,,,,,,,,
6102,215,,,,,,,,
6103,215,,,,,,,,
6104,215,,,,,,,,
6105,215,,,,,,,,
6106,215,,,,,,,,
6107,215,,,,,,,,
6108,215,,,,,,,,
6109,215,,,,,,,,
6110,215,,,,,,,,
6111,215,,,,,,,,
6112,215,,,,,,,,
6113,215,,,,,,,,
6114,215,,,,,,,,
6115,215,,,,,,,,
6116,215,,,,,,,,
6117,215,,,,,,,,
6118,215,,,,,,,,
6119,215,,,,,,,,
6120,215,,,,,,,,
6121,215,,0.0007360630006587598,,,,,,
6122,215,0.0016107079991343198,,,,,,,
6123,215,,,,,,,,
6124,215,,,,,,,,
6125,215,,,,,,,,
6126,215,,,,,,,,
6127,215,,,,,,,,
6128,215,,,,,,,,
6129,215,,,,,,,,
6130,215,,,,,,,,
6131,215,,,,,,,,
6132,215,,,,,,,,
6133,215,,,,,,,,
6134,215,,,,,,,,
6135,215,,,,,,,,
6136,215,,,,,,,,
6137,215,,,,,,,,
6138,215,,,,,,,,
6139,215,,,,,,,,
6140,215,,,,,,,,
6141,215,,,,,,,,
6142,215,,,,,,,,
6143,215,,,,,,,,
6144,215,,,,,,,,
6145,215,,,,,,,,
6146,215,,,,,,,,
6147,215,,,,,,,,
6148,215,,,,,,,,
6149,215,,0.0006709409990435233,,,,,,
6150,215,0.0015584650009259349,,,,,,,
6151,215,,,,,,,,
6152,215,,,,,,,,
6153,215,,,,,,,,
6154,215,,,,,,,,
6155,215,,,,,,,,
6156,215,,,,,,,,
6157,215,,,,,,,,
6158,215,,,,,,,,
6159,215,,,,,,,,
6160,215,,,,,,,,
6161,215,,,,,,,,
6162,215,,,,,,,,
6163,215,,,,,,,,
6164,215,,,,,,,,
6165,215,,,,,,,,
6166,215,,,,,,,,
6167,215,,,,,,,,
6168,215,,,,,,,,
6169,215,,,,,,,,
6170,215,,,,,,,,
6171,215,,,,,,,,
6172,215,,,,,,,,
6173,215,,,,,,,,
6174,215,,,,,,,,
6175,215,,,,,,,,
6176,215,,,,,,,,
6177,215,,0.000644409001324675,,,,,,
6178,215,0.0015070160006871447,,,,,,,
6179,215,,,,,,,,
6180,215,,,,,,,,
6181,215,,,,,,,,
6182,215,,,,,,,,
6183,215,,,,,,,,
6184,215,,,,,,,,
6185,215,,,,,,,,
6186,215,,,,,,,,
6187,215,,,,,,,,
6188,215,,,,,,,,
6189,215,,,,,,,,
6190,215,,,,,,,,
6191,215,,,,,,,,
6192,215,,,,,,,,
6193,215,,,,,,,,
6194,215,,,,,,,,
6195,215,,,,,,,,
6196,215,,,,,,,,
6197,215,,,,,,,,
6198,215,,,,,,,,
6199,215,,,,,,,,
6200,215,,,,,,,,
6201,215,,,,,,,,
6202,215,,,,,,,,
6203,220,,,0.5459057071960298,1,1.600000023841858,0,1.600000023841858,0
6204,220,,,,,,,,
6205,220,,,,,,,,
6206,220,,0.0006690809987048851,,,,,,
6207,220,0.0016542550001759082,,,,,,,
6208,220,,,,,,,,
6209,220,,,,,,,,
6210,220,,,,,,,,
6211,220,,,,,,,,
6212,220,,,,,,,,
6213,220,,,,,,,,
6214,220,,,,,,,,
6215,220,,,,,,,,
6216,220,,,,,,,,
6217,220,,,,,,,,
6218,220,,,,,,,,
6219,220,,,,,,,,
6220,220,,,,,,,,
6221,220,,,,,,,,
6222,220,,,,,,,,
6223,220,,,,,,,,
6224,220,,,,,,,,
6225,220,,,,,,,,
6226,220,,,,,,,,
6227,220,,,,,,,,
6228,220,,,,,,,,
6229,220,,,,,,,,
6230,220,,,,,,,,
6231,220,,,,,,,,
6232,220,,,,,,,,
6233,220,,,,,,,,
6234,220,,0.0006847420008853078,,,,,,
6235,220,0.0015285600002243882,,,,,,,
6236,220,,,,,,,,
6237,220,,,,,,,,
6238,220,,,,,,,,
6239,220,,,,,,,,
6240,220,,,,,,,,
6241,220,,,,,,,,
6242,220,,,,,,,,
6243,220,,,,,,,,
6244,220,,,,,,,,
6245,220,,,,,,,,
6246,220,,,,,,,,
6247,220,,,,,,,,
6248,220,,,,,,,,
6249,220,,,,,,,,
6250,220,,,,,,,,
6251,220,,,,,,,,
6252,220,,,,,,,,
6253,220,,,,,,,,
6254,220,,,,,,,,
6255,220,,,,,,,,
6256,220,,,,,,,,
6257,220,,,,,,,,
6258,220,,,,,,,,
6259,220,,,,,,,,
6260,220,,,,,,,,
6261,220,,,,,,,,
6262,220,,0.0006808520010963548,,,,,,
6263,220,0.0014602859992010053,,,,,,,
6264,220,,,,,,,,
6265,220,,,,,,,,
6266,220,,,,,,,,
6267,220,,,,,,,,
6268,220,,,,,,,,
6269,220,,,,,,,,
6270,220,,,,,,,,
6271,220,,,,,,,,
6272,220,,,,,,,,
6273,220,,,,,,,,
6274,220,,,,,,,,
6275,220,,,,,,,,
6276,220,,,,,,,,
6277,220,,,,,,,,
6278,220,,,,,,,,
6279,220,,,,,,,,
6280,220,,,,,,,,
6281,220,,,,,,,,
6282,220,,,,,,,,
6283,220,,,,,,,,
6284,220,,,,,,,,
6285,220,,,,,,,,
6286,220,,,,,,,,
6287,220,,,,,,,,
6288,220,,,,,,,,
6289,220,,,,,,,,
6290,220,,0.000637207000181661,,,,,,
6291,220,0.001428956999006914,,,,,,,
6292,220,,,,,,,,
6293,220,,,,,,,,
6294,220,,,,,,,,
6295,220,,,,,,,,
6296,220,,,,,,,,
6297,220,,,,,,,,
6298,220,,,,,,,,
6299,220,,,,,,,,
6300,220,,,,,,,,
6301,220,,,,,,,,
6302,220,,,,,,,,
6303,220,,,,,,,,
6304,220,,,,,,,,
6305,220,,,,,,,,
6306,220,,,,,,,,
6307,220,,,,,,,,
6308,220,,,,,,,,
6309,220,,,,,,,,
6310,220,,,,,,,,
6311,220,,,,,,,,
6312,220,,,,,,,,
6313,220,,,,,,,,
6314,220,,,,,,,,
6315,220,,,,,,,,
6316,220,,,,,,,,
6317,220,,,,,,,,
6318,220,,0.0006861749989184318,,,,,,
6319,220,0.0014399130013771355,,,,,,,
6320,220,,,,,,,,
6321,220,,,,,,,,
6322,220,,,,,,,,
6323,220,,,,,,,,
6324,220,,,,,,,,
6325,220,,,,,,,,
6326,220,,,,,,,,
6327,220,,,,,,,,
6328,220,,,,,,,,
6329,220,,,,,,,,
6330,220,,,,,,,,
6331,220,,,,,,,,
6332,220,,,,,,,,
6333,220,,,,,,,,
6334,220,,,,,,,,
6335,220,,,,,,,,
6336,220,,,,,,,,
6337,220,,,,,,,,
6338,220,,,,,,,,
6339,220,,,,,,,,
6340,220,,,,,,,,
6341,220,,,,,,,,
6342,220,,,,,,,,
6343,220,,,,,,,,
6344,225,,,0.5583126550868487,1,1.600000023841858,0,1.600000023841858,0
6345,225,,,,,,,,
6346,225,,,,,,,,
6347,225,,0.0007030670003587147,,,,,,
6348,225,0.001619642000150634,,,,,,,
6349,225,,,,,,,,
6350,225,,,,,,,,
6351,225,,,,,,,,
6352,225,,,,,,,,
6353,225,,,,,,,,
6354,225,,,,,,,,
6355,225,,,,,,,,
6356,225,,,,,,,,
6357,225,,,,,,,,
6358,225,,,,,,,,
6359,225,,,,,,,,
6360,225,,,,,,,,
6361,225,,,,,,,,
6362,225,,,,,,,,
6363,225,,,,,,,,
6364,225,,,,,,,,
6365,225,,,,,,,,
6366,225,,,,,,,,
6367,225,,,,,,,,
6368,225,,,,,,,,
6369,225,,,,,,,,
6370,225,,,,,,,,
6371,225,,,,,,,,
6372,225,,,,,,,,
6373,225,,,,,,,,
6374,225,,,,,,,,
6375,225,,0.0006983790008234791,,,,,,
6376,225,0.0015500319987040712,,,,,,,
6377,225,,,,,,,,
6378,225,,,,,,,,
6379,225,,,,,,,,
6380,225,,,,,,,,
6381,225,,,,,,,,
6382,225,,,,,,,,
6383,225,,,,,,,,
6384,225,,,,,,,,
6385,225,,,,,,,,
6386,225,,,,,,,,
6387,225,,,,,,,,
6388,225,,,,,,,,
6389,225,,,,,,,,
6390,225,,,,,,,,
6391,225,,,,,,,,
6392,225,,,,,,,,
6393,225,,,,,,,,
6394,225,,,,,,,,
6395,225,,,,,,,,
6396,225,,,,,,,,
6397,225,,,,,,,,
6398,225,,,,,,,,
6399,225,,,,,,,,
6400,225,,,,,,,,
6401,225,,,,,,,,
6402,225,,,,,,,,
6403,225,,0.0006972489991312614,,,,,,
6404,225,0.0015168199988693232,,,,,,,
6405,225,,,,,,,,
6406,225,,,,,,,,
6407,225,,,,,,,,
6408,225,,,,,,,,
6409,225,,,,,,,,
6410,225,,,,,,,,
6411,225,,,,,,,,
6412,225,,,,,,,,
6413,225,,,,,,,,
6414,225,,,,,,,,
6415,225,,,,,,,,
6416,225,,,,,,,,
6417,225,,,,,,,,
6418,225,,,,,,,,
6419,225,,,,,,,,
6420,225,,,,,,,,
6421,225,,,,,,,,
6422,225,,,,,,,,
6423,225,,,,,,,,
6424,225,,,,,,,,
6425,225,,,,,,,,
6426,225,,,,,,,,
6427,225,,,,,,,,
6428,225,,,,,,,,
6429,225,,,,,,,,
6430,225,,,,,,,,
6431,225,,0.0006929090013727546,,,,,,
6432,225,0.0017467440011387225,,,,,,,
6433,225,,,,,,,,
6434,225,,,,,,,,
6435,225,,,,,,,,
6436,225,,,,,,,,
6437,225,,,,,,,,
6438,225,,,,,,,,
6439,225,,,,,,,,
6440,225,,,,,,,,
6441,225,,,,,,,,
6442,225,,,,,,,,
6443,225,,,,,,,,
6444,225,,,,,,,,
6445,225,,,,,,,,
6446,225,,,,,,,,
6447,225,,,,,,,,
6448,225,,,,,,,,
6449,225,,,,,,,,
6450,225,,,,,,,,
6451,225,,,,,,,,
6452,225,,,,,,,,
6453,225,,,,,,,,
6454,225,,,,,,,,
6455,225,,,,,,,,
6456,225,,,,,,,,
6457,225,,,,,,,,
6458,225,,,,,,,,
6459,225,,0.0006706070016662125,,,,,,
6460,225,0.001589043999047135,,,,,,,
6461,225,,,,,,,,
6462,225,,,,,,,,
6463,225,,,,,,,,
6464,225,,,,,,,,
6465,225,,,,,,,,
6466,225,,,,,,,,
6467,225,,,,,,,,
6468,225,,,,,,,,
6469,225,,,,,,,,
6470,225,,,,,,,,
6471,225,,,,,,,,
6472,225,,,,,,,,
6473,225,,,,,,,,
6474,225,,,,,,,,
6475,225,,,,,,,,
6476,225,,,,,,,,
6477,225,,,,,,,,
6478,225,,,,,,,,
6479,225,,,,,,,,
6480,225,,,,,,,,
6481,225,,,,,,,,
6482,225,,,,,,,,
6483,225,,,,,,,,
6484,225,,,,,,,,
6485,230,,,0.5707196029776674,0.9,1.543750023841858,0.08616844415664673,1.543750023841858,0.08616844415664673
6486,230,,,,,,,,
6487,230,,,,,,,,
6488,230,,0.0006668040005024523,,,,,,
6489,230,0.001671210999120376,,,,,,,
6490,230,,,,,,,,
6491,230,,,,,,,,
6492,230,,,,,,,,
6493,230,,,,,,,,
6494,230,,,,,,,,
6495,230,,,,,,,,
6496,230,,,,,,,,
6497,230,,,,,,,,
6498,230,,,,,,,,
6499,230,,,,,,,,
6500,230,,,,,,,,
6501,230,,,,,,,,
6502,230,,,,,,,,
6503,230,,,,,,,,
6504,230,,,,,,,,
6505,230,,,,,,,,
6506,230,,,,,,,,
6507,230,,,,,,,,
6508,230,,,,,,,,
6509,230,,,,,,,,
6510,230,,,,,,,,
6511,230,,,,,,,,
6512,230,,,,,,,,
6513,230,,,,,,,,
6514,230,,,,,,,,
6515,230,,,,,,,,
6516,230,,0.0006375009998009773,,,,,,
6517,230,0.0013345499992283294,,,,,,,
6518,230,,,,,,,,
6519,230,,,,,,,,
6520,230,,,,,,,,
6521,230,,,,,,,,
6522,230,,,,,,,,
6523,230,,,,,,,,
6524,230,,,,,,,,
6525,230,,,,,,,,
6526,230,,,,,,,,
6527,230,,,,,,,,
6528,230,,,,,,,,
6529,230,,,,,,,,
6530,230,,,,,,,,
6531,230,,,,,,,,
6532,230,,,,,,,,
6533,230,,,,,,,,
6534,230,,,,,,,,
6535,230,,,,,,,,
6536,230,,,,,,,,
6537,230,,,,,,,,
6538,230,,,,,,,,
6539,230,,,,,,,,
6540,230,,,,,,,,
6541,230,,,,,,,,
6542,230,,,,,,,,
6543,230,,,,,,,,
6544,230,,0.0008080050010903506,,,,,,
6545,230,0.0016844239999045385,,,,,,,
6546,230,,,,,,,,
6547,230,,,,,,,,
6548,230,,,,,,,,
6549,230,,,,,,,,
6550,230,,,,,,,,
6551,230,,,,,,,,
6552,230,,,,,,,,
6553,230,,,,,,,,
6554,230,,,,,,,,
6555,230,,,,,,,,
6556,230,,,,,,,,
6557,230,,,,,,,,
6558,230,,,,,,,,
6559,230,,,,,,,,
6560,230,,,,,,,,
6561,230,,,,,,,,
6562,230,,,,,,,,
6563,230,,,,,,,,
6564,230,,,,,,,,
6565,230,,,,,,,,
6566,230,,,,,,,,
6567,230,,,,,,,,
6568,230,,,,,,,,
6569,230,,,,,,,,
6570,230,,,,,,,,
6571,230,,,,,,,,
6572,230,,0.0007610979992023204,,,,,,
6573,230,0.001809503000913537,,,,,,,
6574,230,,,,,,,,
6575,230,,,,,,,,
6576,230,,,,,,,,
6577,230,,,,,,,,
6578,230,,,,,,,,
6579,230,,,,,,,,
6580,230,,,,,,,,
6581,230,,,,,,,,
6582,230,,,,,,,,
6583,230,,,,,,,,
6584,230,,,,,,,,
6585,230,,,,,,,,
6586,230,,,,,,,,
6587,230,,,,,,,,
6588,230,,,,,,,,
6589,230,,,,,,,,
6590,230,,,,,,,,
6591,230,,,,,,,,
6592,230,,,,,,,,
6593,230,,,,,,,,
6594,230,,,,,,,,
6595,230,,,,,,,,
6596,230,,,,,,,,
6597,230,,,,,,,,
6598,230,,,,,,,,
6599,230,,,,,,,,
6600,230,,0.0006285959989327239,,,,,,
6601,230,0.0015415960006066598,,,,,,,
6602,230,,,,,,,,
6603,230,,,,,,,,
6604,230,,,,,,,,
6605,230,,,,,,,,
6606,230,,,,,,,,
6607,230,,,,,,,,
6608,230,,,,,,,,
6609,230,,,,,,,,
6610,230,,,,,,,,
6611,230,,,,,,,,
6612,230,,,,,,,,
6613,230,,,,,,,,
6614,230,,,,,,,,
6615,230,,,,,,,,
6616,230,,,,,,,,
6617,230,,,,,,,,
6618,230,,,,,,,,
6619,230,,,,,,,,
6620,230,,,,,,,,
6621,230,,,,,,,,
6622,230,,,,,,,,
6623,230,,,,,,,,
6624,230,,,,,,,,
6625,230,,,,,,,,
6626,235,,,0.5831265508684863,1,1.600000023841858,0,1.600000023841858,0
6627,235,,,,,,,,
6628,235,,,,,,,,
6629,235,,0.0006506139998236904,,,,,,
6630,235,0.0015154760003497358,,,,,,,
6631,235,,,,,,,,
6632,235,,,,,,,,
6633,235,,,,,,,,
6634,235,,,,,,,,
6635,235,,,,,,,,
6636,235,,,,,,,,
6637,235,,,,,,,,
6638,235,,,,,,,,
6639,235,,,,,,,,
6640,235,,,,,,,,
6641,235,,,,,,,,
6642,235,,,,,,,,
6643,235,,,,,,,,
6644,235,,,,,,,,
6645,235,,,,,,,,
6646,235,,,,,,,,
6647,235,,,,,,,,
6648,235,,,,,,,,
6649,235,,,,,,,,
6650,235,,,,,,,,
6651,235,,,,,,,,
6652,235,,,,,,,,
6653,235,,,,,,,,
6654,235,,,,,,,,
6655,235,,,,,,,,
6656,235,,,,,,,,
6657,235,,0.0007184850001067389,,,,,,
6658,235,0.0016782069997134386,,,,,,,
6659,235,,,,,,,,
6660,235,,,,,,,,
6661,235,,,,,,,,
6662,235,,,,,,,,
6663,235,,,,,,,,
6664,235,,,,,,,,
6665,235,,,,,,,,
6666,235,,,,,,,,
6667,235,,,,,,,,
6668,235,,,,,,,,
6669,235,,,,,,,,
6670,235,,,,,,,,
6671,235,,,,,,,,
6672,235,,,,,,,,
6673,235,,,,,,,,
6674,235,,,,,,,,
6675,235,,,,,,,,
6676,235,,,,,,,,
6677,235,,,,,,,,
6678,235,,,,,,,,
6679,235,,,,,,,,
6680,235,,,,,,,,
6681,235,,,,,,,,
6682,235,,,,,,,,
6683,235,,,,,,,,
6684,235,,,,,,,,
6685,235,,0.0010670890005712863,,,,,,
6686,235,0.001951366000866983,,,,,,,
6687,235,,,,,,,,
6688,235,,,,,,,,
6689,235,,,,,,,,
6690,235,,,,,,,,
6691,235,,,,,,,,
6692,235,,,,,,,,
6693,235,,,,,,,,
6694,235,,,,,,,,
6695,235,,,,,,,,
6696,235,,,,,,,,
6697,235,,,,,,,,
6698,235,,,,,,,,
6699,235,,,,,,,,
6700,235,,,,,,,,
6701,235,,,,,,,,
6702,235,,,,,,,,
6703,235,,,,,,,,
6704,235,,,,,,,,
6705,235,,,,,,,,
6706,235,,,,,,,,
6707,235,,,,,,,,
6708,235,,,,,,,,
6709,235,,,,,,,,
6710,235,,,,,,,,
6711,235,,,,,,,,
6712,235,,,,,,,,
6713,235,,0.0006549810004798928,,,,,,
6714,235,0.0015015839999250602,,,,,,,
6715,235,,,,,,,,
6716,235,,,,,,,,
6717,235,,,,,,,,
6718,235,,,,,,,,
6719,235,,,,,,,,
6720,235,,,,,,,,
6721,235,,,,,,,,
6722,235,,,,,,,,
6723,235,,,,,,,,
6724,235,,,,,,,,
6725,235,,,,,,,,
6726,235,,,,,,,,
6727,235,,,,,,,,
6728,235,,,,,,,,
6729,235,,,,,,,,
6730,235,,,,,,,,
6731,235,,,,,,,,
6732,235,,,,,,,,
6733,235,,,,,,,,
6734,235,,,,,,,,
6735,235,,,,,,,,
6736,235,,,,,,,,
6737,235,,,,,,,,
6738,235,,,,,,,,
6739,235,,,,,,,,
6740,235,,,,,,,,
6741,235,,0.0006367599999066442,,,,,,
6742,235,0.0015086269995663315,,,,,,,
6743,235,,,,,,,,
6744,235,,,,,,,,
6745,235,,,,,,,,
6746,235,,,,,,,,
6747,235,,,,,,,,
6748,235,,,,,,,,
6749,235,,,,,,,,
6750,235,,,,,,,,
6751,235,,,,,,,,
6752,235,,,,,,,,
6753,235,,,,,,,,
6754,235,,,,,,,,
6755,235,,,,,,,,
6756,235,,,,,,,,
6757,235,,,,,,,,
6758,235,,,,,,,,
6759,235,,,,,,,,
6760,235,,,,,,,,
6761,235,,,,,,,,
6762,235,,,,,,,,
6763,235,,,,,,,,
6764,235,,,,,,,,
6765,235,,,,,,,,
6766,235,,,,,,,,
6767,240,,,0.5955334987593052,1,1.600000023841858,0,1.600000023841858,0
6768,240,,,,,,,,
6769,240,,,,,,,,
6770,240,,0.0006885550010338193,,,,,,
6771,240,0.0016560669992031762,,,,,,,
6772,240,,,,,,,,
6773,240,,,,,,,,
6774,240,,,,,,,,
6775,240,,,,,,,,
6776,240,,,,,,,,
6777,240,,,,,,,,
6778,240,,,,,,,,
6779,240,,,,,,,,
6780,240,,,,,,,,
6781,240,,,,,,,,
6782,240,,,,,,,,
6783,240,,,,,,,,
6784,240,,,,,,,,
6785,240,,,,,,,,
6786,240,,,,,,,,
6787,240,,,,,,,,
6788,240,,,,,,,,
6789,240,,,,,,,,
6790,240,,,,,,,,
6791,240,,,,,,,,
6792,240,,,,,,,,
6793,240,,,,,,,,
6794,240,,,,,,,,
6795,240,,,,,,,,
6796,240,,,,,,,,
6797,240,,,,,,,,
6798,240,,0.0006508679998660227,,,,,,
6799,240,0.0014814539990766207,,,,,,,
6800,240,,,,,,,,
6801,240,,,,,,,,
6802,240,,,,,,,,
6803,240,,,,,,,,
6804,240,,,,,,,,
6805,240,,,,,,,,
6806,240,,,,,,,,
6807,240,,,,,,,,
6808,240,,,,,,,,
6809,240,,,,,,,,
6810,240,,,,,,,,
6811,240,,,,,,,,
6812,240,,,,,,,,
6813,240,,,,,,,,
6814,240,,,,,,,,
6815,240,,,,,,,,
6816,240,,,,,,,,
6817,240,,,,,,,,
6818,240,,,,,,,,
6819,240,,,,,,,,
6820,240,,,,,,,,
6821,240,,,,,,,,
6822,240,,,,,,,,
6823,240,,,,,,,,
6824,240,,,,,,,,
6825,240,,,,,,,,
6826,240,,0.0006500529998447746,,,,,,
6827,240,0.0015580140006932197,,,,,,,
6828,240,,,,,,,,
6829,240,,,,,,,,
6830,240,,,,,,,,
6831,240,,,,,,,,
6832,240,,,,,,,,
6833,240,,,,,,,,
6834,240,,,,,,,,
6835,240,,,,,,,,
6836,240,,,,,,,,
6837,240,,,,,,,,
6838,240,,,,,,,,
6839,240,,,,,,,,
6840,240,,,,,,,,
6841,240,,,,,,,,
6842,240,,,,,,,,
6843,240,,,,,,,,
6844,240,,,,,,,,
6845,240,,,,,,,,
6846,240,,,,,,,,
6847,240,,,,,,,,
6848,240,,,,,,,,
6849,240,,,,,,,,
6850,240,,,,,,,,
6851,240,,,,,,,,
6852,240,,,,,,,,
6853,240,,,,,,,,
6854,240,,0.0006526430006488226,,,,,,
6855,240,0.001536310001029051,,,,,,,
6856,240,,,,,,,,
6857,240,,,,,,,,
6858,240,,,,,,,,
6859,240,,,,,,,,
6860,240,,,,,,,,
6861,240,,,,,,,,
6862,240,,,,,,,,
6863,240,,,,,,,,
6864,240,,,,,,,,
6865,240,,,,,,,,
6866,240,,,,,,,,
6867,240,,,,,,,,
6868,240,,,,,,,,
6869,240,,,,,,,,
6870,240,,,,,,,,
6871,240,,,,,,,,
6872,240,,,,,,,,
6873,240,,,,,,,,
6874,240,,,,,,,,
6875,240,,,,,,,,
6876,240,,,,,,,,
6877,240,,,,,,,,
6878,240,,,,,,,,
6879,240,,,,,,,,
6880,240,,,,,,,,
6881,240,,,,,,,,
6882,240,,0.0007826490000297781,,,,,,
6883,240,0.0015447299992956687,,,,,,,
6884,240,,,,,,,,
6885,240,,,,,,,,
6886,240,,,,,,,,
6887,240,,,,,,,,
6888,240,,,,,,,,
6889,240,,,,,,,,
6890,240,,,,,,,,
6891,240,,,,,,,,
6892,240,,,,,,,,
6893,240,,,,,,,,
6894,240,,,,,,,,
6895,240,,,,,,,,
6896,240,,,,,,,,
6897,240,,,,,,,,
6898,240,,,,,,,,
6899,240,,,,,,,,
6900,240,,,,,,,,
6901,240,,,,,,,,
6902,240,,,,,,,,
6903,240,,,,,,,,
6904,240,,,,,,,,
6905,240,,,,,,,,
6906,240,,,,,,,,
6907,240,,,,,,,,
6908,245,,,0.607940446650124,1,1.600000023841858,0,1.600000023841858,0
6909,245,,,,,,,,
6910,245,,,,,,,,
6911,245,,0.0006768739986000583,,,,,,
6912,245,0.001650414000323508,,,,,,,
6913,245,,,,,,,,
6914,245,,,,,,,,
6915,245,,,,,,,,
6916,245,,,,,,,,
6917,245,,,,,,,,
6918,245,,,,,,,,
6919,245,,,,,,,,
6920,245,,,,,,,,
6921,245,,,,,,,,
6922,245,,,,,,,,
6923,245,,,,,,,,
6924,245,,,,,,,,
6925,245,,,,,,,,
6926,245,,,,,,,,
6927,245,,,,,,,,
6928,245,,,,,,,,
6929,245,,,,,,,,
6930,245,,,,,,,,
6931,245,,,,,,,,
6932,245,,,,,,,,
6933,245,,,,,,,,
6934,245,,,,,,,,
6935,245,,,,,,,,
6936,245,,,,,,,,
6937,245,,,,,,,,
6938,245,,,,,,,,
6939,245,,0.0006573380014742725,,,,,,
6940,245,0.001503478999438812,,,,,,,
6941,245,,,,,,,,
6942,245,,,,,,,,
6943,245,,,,,,,,
6944,245,,,,,,,,
6945,245,,,,,,,,
6946,245,,,,,,,,
6947,245,,,,,,,,
6948,245,,,,,,,,
6949,245,,,,,,,,
6950,245,,,,,,,,
6951,245,,,,,,,,
6952,245,,,,,,,,
6953,245,,,,,,,,
6954,245,,,,,,,,
6955,245,,,,,,,,
6956,245,,,,,,,,
6957,245,,,,,,,,
6958,245,,,,,,,,
6959,245,,,,,,,,
6960,245,,,,,,,,
6961,245,,,,,,,,
6962,245,,,,,,,,
6963,245,,,,,,,,
6964,245,,,,,,,,
6965,245,,,,,,,,
6966,245,,,,,,,,
6967,245,,0.0007469039992429316,,,,,,
6968,245,0.0016922899994824547,,,,,,,
6969,245,,,,,,,,
6970,245,,,,,,,,
6971,245,,,,,,,,
6972,245,,,,,,,,
6973,245,,,,,,,,
6974,245,,,,,,,,
6975,245,,,,,,,,
6976,245,,,,,,,,
6977,245,,,,,,,,
6978,245,,,,,,,,
6979,245,,,,,,,,
6980,245,,,,,,,,
6981,245,,,,,,,,
6982,245,,,,,,,,
6983,245,,,,,,,,
6984,245,,,,,,,,
6985,245,,,,,,,,
6986,245,,,,,,,,
6987,245,,,,,,,,
6988,245,,,,,,,,
6989,245,,,,,,,,
6990,245,,,,,,,,
6991,245,,,,,,,,
6992,245,,,,,,,,
6993,245,,,,,,,,
6994,245,,,,,,,,
6995,245,,0.0007338859995797975,,,,,,
6996,245,0.0016560269996261923,,,,,,,
6997,245,,,,,,,,
6998,245,,,,,,,,
6999,245,,,,,,,,
7000,245,,,,,,,,
7001,245,,,,,,,,
7002,245,,,,,,,,
7003,245,,,,,,,,
7004,245,,,,,,,,
7005,245,,,,,,,,
7006,245,,,,,,,,
7007,245,,,,,,,,
7008,245,,,,,,,,
7009,245,,,,,,,,
7010,245,,,,,,,,
7011,245,,,,,,,,
7012,245,,,,,,,,
7013,245,,,,,,,,
7014,245,,,,,,,,
7015,245,,,,,,,,
7016,245,,,,,,,,
7017,245,,,,,,,,
7018,245,,,,,,,,
7019,245,,,,,,,,
7020,245,,,,,,,,
7021,245,,,,,,,,
7022,245,,,,,,,,
7023,245,,0.0007672600004298147,,,,,,
7024,245,0.0016584599998168414,,,,,,,
7025,245,,,,,,,,
7026,245,,,,,,,,
7027,245,,,,,,,,
7028,245,,,,,,,,
7029,245,,,,,,,,
7030,245,,,,,,,,
7031,245,,,,,,,,
7032,245,,,,,,,,
7033,245,,,,,,,,
7034,245,,,,,,,,
7035,245,,,,,,,,
7036,245,,,,,,,,
7037,245,,,,,,,,
7038,245,,,,,,,,
7039,245,,,,,,,,
7040,245,,,,,,,,
7041,245,,,,,,,,
7042,245,,,,,,,,
7043,245,,,,,,,,
7044,245,,,,,,,,
7045,245,,,,,,,,
7046,245,,,,,,,,
7047,245,,,,,,,,
7048,245,,,,,,,,
7049,250,,,0.6203473945409429,0.8,1.515000009536743,0.18860981464385987,1.515000009536743,0.18860981464385987
7050,250,,,,,,,,
7051,250,,,,,,,,
7052,250,,0.0007941559997561853,,,,,,
7053,250,0.001958156000910094,,,,,,,
7054,250,,,,,,,,
7055,250,,,,,,,,
7056,250,,,,,,,,
7057,250,,,,,,,,
7058,250,,,,,,,,
7059,250,,,,,,,,
7060,250,,,,,,,,
7061,250,,,,,,,,
7062,250,,,,,,,,
7063,250,,,,,,,,
7064,250,,,,,,,,
7065,250,,,,,,,,
7066,250,,,,,,,,
7067,250,,,,,,,,
7068,250,,,,,,,,
7069,250,,,,,,,,
7070,250,,,,,,,,
7071,250,,,,,,,,
7072,250,,,,,,,,
7073,250,,,,,,,,
7074,250,,,,,,,,
7075,250,,,,,,,,
7076,250,,,,,,,,
7077,250,,,,,,,,
7078,250,,,,,,,,
7079,250,,,,,,,,
7080,250,,0.0006610999989788979,,,,,,
7081,250,0.0015164340002229437,,,,,,,
7082,250,,,,,,,,
7083,250,,,,,,,,
7084,250,,,,,,,,
7085,250,,,,,,,,
7086,250,,,,,,,,
7087,250,,,,,,,,
7088,250,,,,,,,,
7089,250,,,,,,,,
7090,250,,,,,,,,
7091,250,,,,,,,,
7092,250,,,,,,,,
7093,250,,,,,,,,
7094,250,,,,,,,,
7095,250,,,,,,,,
7096,250,,,,,,,,
7097,250,,,,,,,,
7098,250,,,,,,,,
7099,250,,,,,,,,
7100,250,,,,,,,,
7101,250,,,,,,,,
7102,250,,,,,,,,
7103,250,,,,,,,,
7104,250,,,,,,,,
7105,250,,,,,,,,
7106,250,,,,,,,,
7107,250,,,,,,,,
7108,250,,0.0006495130000985228,,,,,,
7109,250,0.0015629959998477716,,,,,,,
7110,250,,,,,,,,
7111,250,,,,,,,,
7112,250,,,,,,,,
7113,250,,,,,,,,
7114,250,,,,,,,,
7115,250,,,,,,,,
7116,250,,,,,,,,
7117,250,,,,,,,,
7118,250,,,,,,,,
7119,250,,,,,,,,
7120,250,,,,,,,,
7121,250,,,,,,,,
7122,250,,,,,,,,
7123,250,,,,,,,,
7124,250,,,,,,,,
7125,250,,,,,,,,
7126,250,,,,,,,,
7127,250,,,,,,,,
7128,250,,,,,,,,
7129,250,,,,,,,,
7130,250,,,,,,,,
7131,250,,,,,,,,
7132,250,,,,,,,,
7133,250,,,,,,,,
7134,250,,,,,,,,
7135,250,,,,,,,,
7136,250,,0.0006192800028657075,,,,,,
7137,250,0.0013750139987678267,,,,,,,
7138,250,,,,,,,,
7139,250,,,,,,,,
7140,250,,,,,,,,
7141,250,,,,,,,,
7142,250,,,,,,,,
7143,250,,,,,,,,
7144,250,,,,,,,,
7145,250,,,,,,,,
7146,250,,,,,,,,
7147,250,,,,,,,,
7148,250,,,,,,,,
7149,250,,,,,,,,
7150,250,,,,,,,,
7151,250,,,,,,,,
7152,250,,,,,,,,
7153,250,,,,,,,,
7154,250,,,,,,,,
7155,250,,,,,,,,
7156,250,,,,,,,,
7157,250,,,,,,,,
7158,250,,,,,,,,
7159,250,,,,,,,,
7160,250,,,,,,,,
7161,250,,,,,,,,
7162,250,,,,,,,,
7163,250,,,,,,,,
7164,250,,0.0007797219986969139,,,,,,
7165,250,0.0016004030003387015,,,,,,,
7166,250,,,,,,,,
7167,250,,,,,,,,
7168,250,,,,,,,,
7169,250,,,,,,,,
7170,250,,,,,,,,
7171,250,,,,,,,,
7172,250,,,,,,,,
7173,250,,,,,,,,
7174,250,,,,,,,,
7175,250,,,,,,,,
7176,250,,,,,,,,
7177,250,,,,,,,,
7178,250,,,,,,,,
7179,250,,,,,,,,
7180,250,,,,,,,,
7181,250,,,,,,,,
7182,250,,,,,,,,
7183,250,,,,,,,,
7184,250,,,,,,,,
7185,250,,,,,,,,
7186,250,,,,,,,,
7187,250,,,,,,,,
7188,250,,,,,,,,
7189,250,,,,,,,,
7190,255,,,0.6327543424317618,1,1.600000023841858,0,1.600000023841858,0
7191,255,,,,,,,,
7192,255,,,,,,,,
7193,255,,0.0006331660006253514,,,,,,
7194,255,0.0015252209996106103,,,,,,,
7195,255,,,,,,,,
7196,255,,,,,,,,
7197,255,,,,,,,,
7198,255,,,,,,,,
7199,255,,,,,,,,
7200,255,,,,,,,,
7201,255,,,,,,,,
7202,255,,,,,,,,
7203,255,,,,,,,,
7204,255,,,,,,,,
7205,255,,,,,,,,
7206,255,,,,,,,,
7207,255,,,,,,,,
7208,255,,,,,,,,
7209,255,,,,,,,,
7210,255,,,,,,,,
7211,255,,,,,,,,
7212,255,,,,,,,,
7213,255,,,,,,,,
7214,255,,,,,,,,
7215,255,,,,,,,,
7216,255,,,,,,,,
7217,255,,,,,,,,
7218,255,,,,,,,,
7219,255,,,,,,,,
7220,255,,,,,,,,
7221,255,,0.0006571640005859081,,,,,,
7222,255,0.0015049670000735205,,,,,,,
7223,255,,,,,,,,
7224,255,,,,,,,,
7225,255,,,,,,,,
7226,255,,,,,,,,
7227,255,,,,,,,,
7228,255,,,,,,,,
7229,255,,,,,,,,
7230,255,,,,,,,,
7231,255,,,,,,,,
7232,255,,,,,,,,
7233,255,,,,,,,,
7234,255,,,,,,,,
7235,255,,,,,,,,
7236,255,,,,,,,,
7237,255,,,,,,,,
7238,255,,,,,,,,
7239,255,,,,,,,,
7240,255,,,,,,,,
7241,255,,,,,,,,
7242,255,,,,,,,,
7243,255,,,,,,,,
7244,255,,,,,,,,
7245,255,,,,,,,,
7246,255,,,,,,,,
7247,255,,,,,,,,
7248,255,,,,,,,,
7249,255,,0.0007787009999447037,,,,,,
7250,255,0.0017617000012251083,,,,,,,
7251,255,,,,,,,,
7252,255,,,,,,,,
7253,255,,,,,,,,
7254,255,,,,,,,,
7255,255,,,,,,,,
7256,255,,,,,,,,
7257,255,,,,,,,,
7258,255,,,,,,,,
7259,255,,,,,,,,
7260,255,,,,,,,,
7261,255,,,,,,,,
7262,255,,,,,,,,
7263,255,,,,,,,,
7264,255,,,,,,,,
7265,255,,,,,,,,
7266,255,,,,,,,,
7267,255,,,,,,,,
7268,255,,,,,,,,
7269,255,,,,,,,,
7270,255,,,,,,,,
7271,255,,,,,,,,
7272,255,,,,,,,,
7273,255,,,,,,,,
7274,255,,,,,,,,
7275,255,,,,,,,,
7276,255,,,,,,,,
7277,255,,0.0007208910028566606,,,,,,
7278,255,0.0015362369995273184,,,,,,,
7279,255,,,,,,,,
7280,255,,,,,,,,
7281,255,,,,,,,,
7282,255,,,,,,,,
7283,255,,,,,,,,
7284,255,,,,,,,,
7285,255,,,,,,,,
7286,255,,,,,,,,
7287,255,,,,,,,,
7288,255,,,,,,,,
7289,255,,,,,,,,
7290,255,,,,,,,,
7291,255,,,,,,,,
7292,255,,,,,,,,
7293,255,,,,,,,,
7294,255,,,,,,,,
7295,255,,,,,,,,
7296,255,,,,,,,,
7297,255,,,,,,,,
7298,255,,,,,,,,
7299,255,,,,,,,,
7300,255,,,,,,,,
7301,255,,,,,,,,
7302,255,,,,,,,,
7303,255,,,,,,,,
7304,255,,,,,,,,
7305,255,,0.000645732998236781,,,,,,
7306,255,0.0014939410029910505,,,,,,,
7307,255,,,,,,,,
7308,255,,,,,,,,
7309,255,,,,,,,,
7310,255,,,,,,,,
7311,255,,,,,,,,
7312,255,,,,,,,,
7313,255,,,,,,,,
7314,255,,,,,,,,
7315,255,,,,,,,,
7316,255,,,,,,,,
7317,255,,,,,,,,
7318,255,,,,,,,,
7319,255,,,,,,,,
7320,255,,,,,,,,
7321,255,,,,,,,,
7322,255,,,,,,,,
7323,255,,,,,,,,
7324,255,,,,,,,,
7325,255,,,,,,,,
7326,255,,,,,,,,
7327,255,,,,,,,,
7328,255,,,,,,,,
7329,255,,,,,,,,
7330,255,,,,,,,,
7331,260,,,0.6451612903225806,1,1.600000023841858,0,1.600000023841858,0
7332,260,,,,,,,,
7333,260,,,,,,,,
7334,260,,0.0006284659975790419,,,,,,
7335,260,0.001475815999583574,,,,,,,
7336,260,,,,,,,,
7337,260,,,,,,,,
7338,260,,,,,,,,
7339,260,,,,,,,,
7340,260,,,,,,,,
7341,260,,,,,,,,
7342,260,,,,,,,,
7343,260,,,,,,,,
7344,260,,,,,,,,
7345,260,,,,,,,,
7346,260,,,,,,,,
7347,260,,,,,,,,
7348,260,,,,,,,,
7349,260,,,,,,,,
7350,260,,,,,,,,
7351,260,,,,,,,,
7352,260,,,,,,,,
7353,260,,,,,,,,
7354,260,,,,,,,,
7355,260,,,,,,,,
7356,260,,,,,,,,
7357,260,,,,,,,,
7358,260,,,,,,,,
7359,260,,,,,,,,
7360,260,,,,,,,,
7361,260,,,,,,,,
7362,260,,0.0007347159989876673,,,,,,
7363,260,0.001524552997580031,,,,,,,
7364,260,,,,,,,,
7365,260,,,,,,,,
7366,260,,,,,,,,
7367,260,,,,,,,,
7368,260,,,,,,,,
7369,260,,,,,,,,
7370,260,,,,,,,,
7371,260,,,,,,,,
7372,260,,,,,,,,
7373,260,,,,,,,,
7374,260,,,,,,,,
7375,260,,,,,,,,
7376,260,,,,,,,,
7377,260,,,,,,,,
7378,260,,,,,,,,
7379,260,,,,,,,,
7380,260,,,,,,,,
7381,260,,,,,,,,
7382,260,,,,,,,,
7383,260,,,,,,,,
7384,260,,,,,,,,
7385,260,,,,,,,,
7386,260,,,,,,,,
7387,260,,,,,,,,
7388,260,,,,,,,,
7389,260,,,,,,,,
7390,260,,0.0006793479988118634,,,,,,
7391,260,0.0016399070009356365,,,,,,,
7392,260,,,,,,,,
7393,260,,,,,,,,
7394,260,,,,,,,,
7395,260,,,,,,,,
7396,260,,,,,,,,
7397,260,,,,,,,,
7398,260,,,,,,,,
7399,260,,,,,,,,
7400,260,,,,,,,,
7401,260,,,,,,,,
7402,260,,,,,,,,
7403,260,,,,,,,,
7404,260,,,,,,,,
7405,260,,,,,,,,
7406,260,,,,,,,,
7407,260,,,,,,,,
7408,260,,,,,,,,
7409,260,,,,,,,,
7410,260,,,,,,,,
7411,260,,,,,,,,
7412,260,,,,,,,,
7413,260,,,,,,,,
7414,260,,,,,,,,
7415,260,,,,,,,,
7416,260,,,,,,,,
7417,260,,,,,,,,
7418,260,,0.0007682169998588506,,,,,,
7419,260,0.0015878519989200868,,,,,,,
7420,260,,,,,,,,
7421,260,,,,,,,,
7422,260,,,,,,,,
7423,260,,,,,,,,
7424,260,,,,,,,,
7425,260,,,,,,,,
7426,260,,,,,,,,
7427,260,,,,,,,,
7428,260,,,,,,,,
7429,260,,,,,,,,
7430,260,,,,,,,,
7431,260,,,,,,,,
7432,260,,,,,,,,
7433,260,,,,,,,,
7434,260,,,,,,,,
7435,260,,,,,,,,
7436,260,,,,,,,,
7437,260,,,,,,,,
7438,260,,,,,,,,
7439,260,,,,,,,,
7440,260,,,,,,,,
7441,260,,,,,,,,
7442,260,,,,,,,,
7443,260,,,,,,,,
7444,260,,,,,,,,
7445,260,,,,,,,,
7446,260,,0.000697244999173563,,,,,,
7447,260,0.0015292099997168407,,,,,,,
7448,260,,,,,,,,
7449,260,,,,,,,,
7450,260,,,,,,,,
7451,260,,,,,,,,
7452,260,,,,,,,,
7453,260,,,,,,,,
7454,260,,,,,,,,
7455,260,,,,,,,,
7456,260,,,,,,,,
7457,260,,,,,,,,
7458,260,,,,,,,,
7459,260,,,,,,,,
7460,260,,,,,,,,
7461,260,,,,,,,,
7462,260,,,,,,,,
7463,260,,,,,,,,
7464,260,,,,,,,,
7465,260,,,,,,,,
7466,260,,,,,,,,
7467,260,,,,,,,,
7468,260,,,,,,,,
7469,260,,,,,,,,
7470,260,,,,,,,,
7471,260,,,,,,,,
7472,265,,,0.6575682382133995,1,1.600000023841858,0,1.600000023841858,0
7473,265,,,,,,,,
7474,265,,,,,,,,
7475,265,,0.000672802998451516,,,,,,
7476,265,0.0015745189994049724,,,,,,,
7477,265,,,,,,,,
7478,265,,,,,,,,
7479,265,,,,,,,,
7480,265,,,,,,,,
7481,265,,,,,,,,
7482,265,,,,,,,,
7483,265,,,,,,,,
7484,265,,,,,,,,
7485,265,,,,,,,,
7486,265,,,,,,,,
7487,265,,,,,,,,
7488,265,,,,,,,,
7489,265,,,,,,,,
7490,265,,,,,,,,
7491,265,,,,,,,,
7492,265,,,,,,,,
7493,265,,,,,,,,
7494,265,,,,,,,,
7495,265,,,,,,,,
7496,265,,,,,,,,
7497,265,,,,,,,,
7498,265,,,,,,,,
7499,265,,,,,,,,
7500,265,,,,,,,,
7501,265,,,,,,,,
7502,265,,,,,,,,
7503,265,,0.0006785759978811257,,,,,,
7504,265,0.0015157590023591183,,,,,,,
7505,265,,,,,,,,
7506,265,,,,,,,,
7507,265,,,,,,,,
7508,265,,,,,,,,
7509,265,,,,,,,,
7510,265,,,,,,,,
7511,265,,,,,,,,
7512,265,,,,,,,,
7513,265,,,,,,,,
7514,265,,,,,,,,
7515,265,,,,,,,,
7516,265,,,,,,,,
7517,265,,,,,,,,
7518,265,,,,,,,,
7519,265,,,,,,,,
7520,265,,,,,,,,
7521,265,,,,,,,,
7522,265,,,,,,,,
7523,265,,,,,,,,
7524,265,,,,,,,,
7525,265,,,,,,,,
7526,265,,,,,,,,
7527,265,,,,,,,,
7528,265,,,,,,,,
7529,265,,,,,,,,
7530,265,,,,,,,,
7531,265,,0.000664754999888828,,,,,,
7532,265,0.0015180010013864376,,,,,,,
7533,265,,,,,,,,
7534,265,,,,,,,,
7535,265,,,,,,,,
7536,265,,,,,,,,
7537,265,,,,,,,,
7538,265,,,,,,,,
7539,265,,,,,,,,
7540,265,,,,,,,,
7541,265,,,,,,,,
7542,265,,,,,,,,
7543,265,,,,,,,,
7544,265,,,,,,,,
7545,265,,,,,,,,
7546,265,,,,,,,,
7547,265,,,,,,,,
7548,265,,,,,,,,
7549,265,,,,,,,,
7550,265,,,,,,,,
7551,265,,,,,,,,
7552,265,,,,,,,,
7553,265,,,,,,,,
7554,265,,,,,,,,
7555,265,,,,,,,,
7556,265,,,,,,,,
7557,265,,,,,,,,
7558,265,,,,,,,,
7559,265,,0.0008015759995032568,,,,,,
7560,265,0.0017584189990884624,,,,,,,
7561,265,,,,,,,,
7562,265,,,,,,,,
7563,265,,,,,,,,
7564,265,,,,,,,,
7565,265,,,,,,,,
7566,265,,,,,,,,
7567,265,,,,,,,,
7568,265,,,,,,,,
7569,265,,,,,,,,
7570,265,,,,,,,,
7571,265,,,,,,,,
7572,265,,,,,,,,
7573,265,,,,,,,,
7574,265,,,,,,,,
7575,265,,,,,,,,
7576,265,,,,,,,,
7577,265,,,,,,,,
7578,265,,,,,,,,
7579,265,,,,,,,,
7580,265,,,,,,,,
7581,265,,,,,,,,
7582,265,,,,,,,,
7583,265,,,,,,,,
7584,265,,,,,,,,
7585,265,,,,,,,,
7586,265,,,,,,,,
7587,265,,0.0006542779992741998,,,,,,
7588,265,0.001615026001672959,,,,,,,
7589,265,,,,,,,,
7590,265,,,,,,,,
7591,265,,,,,,,,
7592,265,,,,,,,,
7593,265,,,,,,,,
7594,265,,,,,,,,
7595,265,,,,,,,,
7596,265,,,,,,,,
7597,265,,,,,,,,
7598,265,,,,,,,,
7599,265,,,,,,,,
7600,265,,,,,,,,
7601,265,,,,,,,,
7602,265,,,,,,,,
7603,265,,,,,,,,
7604,265,,,,,,,,
7605,265,,,,,,,,
7606,265,,,,,,,,
7607,265,,,,,,,,
7608,265,,,,,,,,
7609,265,,,,,,,,
7610,265,,,,,,,,
7611,265,,,,,,,,
7612,265,,,,,,,,
7613,270,,,0.6699751861042184,0.9,1.5887500286102294,0.04500000178813934,1.5887500286102294,0.04500000178813934
7614,270,,,,,,,,
7615,270,,,,,,,,
7616,270,,0.0006303019981714897,,,,,,
7617,270,0.001582239998242585,,,,,,,
7618,270,,,,,,,,
7619,270,,,,,,,,
7620,270,,,,,,,,
7621,270,,,,,,,,
7622,270,,,,,,,,
7623,270,,,,,,,,
7624,270,,,,,,,,
7625,270,,,,,,,,
7626,270,,,,,,,,
7627,270,,,,,,,,
7628,270,,,,,,,,
7629,270,,,,,,,,
7630,270,,,,,,,,
7631,270,,,,,,,,
7632,270,,,,,,,,
7633,270,,,,,,,,
7634,270,,,,,,,,
7635,270,,,,,,,,
7636,270,,,,,,,,
7637,270,,,,,,,,
7638,270,,,,,,,,
7639,270,,,,,,,,
7640,270,,,,,,,,
7641,270,,,,,,,,
7642,270,,,,,,,,
7643,270,,,,,,,,
7644,270,,0.0006516290013678372,,,,,,
7645,270,0.0015579909995722119,,,,,,,
7646,270,,,,,,,,
7647,270,,,,,,,,
7648,270,,,,,,,,
7649,270,,,,,,,,
7650,270,,,,,,,,
7651,270,,,,,,,,
7652,270,,,,,,,,
7653,270,,,,,,,,
7654,270,,,,,,,,
7655,270,,,,,,,,
7656,270,,,,,,,,
7657,270,,,,,,,,
7658,270,,,,,,,,
7659,270,,,,,,,,
7660,270,,,,,,,,
7661,270,,,,,,,,
7662,270,,,,,,,,
7663,270,,,,,,,,
7664,270,,,,,,,,
7665,270,,,,,,,,
7666,270,,,,,,,,
7667,270,,,,,,,,
7668,270,,,,,,,,
7669,270,,,,,,,,
7670,270,,,,,,,,
7671,270,,,,,,,,
7672,270,,0.0006910900010552723,,,,,,
7673,270,0.001483058000303572,,,,,,,
7674,270,,,,,,,,
7675,270,,,,,,,,
7676,270,,,,,,,,
7677,270,,,,,,,,
7678,270,,,,,,,,
7679,270,,,,,,,,
7680,270,,,,,,,,
7681,270,,,,,,,,
7682,270,,,,,,,,
7683,270,,,,,,,,
7684,270,,,,,,,,
7685,270,,,,,,,,
7686,270,,,,,,,,
7687,270,,,,,,,,
7688,270,,,,,,,,
7689,270,,,,,,,,
7690,270,,,,,,,,
7691,270,,,,,,,,
7692,270,,,,,,,,
7693,270,,,,,,,,
7694,270,,,,,,,,
7695,270,,,,,,,,
7696,270,,,,,,,,
7697,270,,,,,,,,
7698,270,,,,,,,,
7699,270,,,,,,,,
7700,270,,0.0007118200010154396,,,,,,
7701,270,0.0015761520007799845,,,,,,,
7702,270,,,,,,,,
7703,270,,,,,,,,
7704,270,,,,,,,,
7705,270,,,,,,,,
7706,270,,,,,,,,
7707,270,,,,,,,,
7708,270,,,,,,,,
7709,270,,,,,,,,
7710,270,,,,,,,,
7711,270,,,,,,,,
7712,270,,,,,,,,
7713,270,,,,,,,,
7714,270,,,,,,,,
7715,270,,,,,,,,
7716,270,,,,,,,,
7717,270,,,,,,,,
7718,270,,,,,,,,
7719,270,,,,,,,,
7720,270,,,,,,,,
7721,270,,,,,,,,
7722,270,,,,,,,,
7723,270,,,,,,,,
7724,270,,,,,,,,
7725,270,,,,,,,,
7726,270,,,,,,,,
7727,270,,,,,,,,
7728,270,,0.0006433729977288749,,,,,,
7729,270,0.00158684699999867,,,,,,,
7730,270,,,,,,,,
7731,270,,,,,,,,
7732,270,,,,,,,,
7733,270,,,,,,,,
7734,270,,,,,,,,
7735,270,,,,,,,,
7736,270,,,,,,,,
7737,270,,,,,,,,
7738,270,,,,,,,,
7739,270,,,,,,,,
7740,270,,,,,,,,
7741,270,,,,,,,,
7742,270,,,,,,,,
7743,270,,,,,,,,
7744,270,,,,,,,,
7745,270,,,,,,,,
7746,270,,,,,,,,
7747,270,,,,,,,,
7748,270,,,,,,,,
7749,270,,,,,,,,
7750,270,,,,,,,,
7751,270,,,,,,,,
7752,270,,,,,,,,
7753,270,,,,,,,,
7754,275,,,0.6823821339950372,1,1.600000023841858,0,1.600000023841858,0
7755,275,,,,,,,,
7756,275,,,,,,,,
7757,275,,0.0007122969982447103,,,,,,
7758,275,0.0015451859981112648,,,,,,,
7759,275,,,,,,,,
7760,275,,,,,,,,
7761,275,,,,,,,,
7762,275,,,,,,,,
7763,275,,,,,,,,
7764,275,,,,,,,,
7765,275,,,,,,,,
7766,275,,,,,,,,
7767,275,,,,,,,,
7768,275,,,,,,,,
7769,275,,,,,,,,
7770,275,,,,,,,,
7771,275,,,,,,,,
7772,275,,,,,,,,
7773,275,,,,,,,,
7774,275,,,,,,,,
7775,275,,,,,,,,
7776,275,,,,,,,,
7777,275,,,,,,,,
7778,275,,,,,,,,
7779,275,,,,,,,,
7780,275,,,,,,,,
7781,275,,,,,,,,
7782,275,,,,,,,,
7783,275,,,,,,,,
7784,275,,,,,,,,
7785,275,,0.0009875899995677173,,,,,,
7786,275,0.0021944700019957963,,,,,,,
7787,275,,,,,,,,
7788,275,,,,,,,,
7789,275,,,,,,,,
7790,275,,,,,,,,
7791,275,,,,,,,,
7792,275,,,,,,,,
7793,275,,,,,,,,
7794,275,,,,,,,,
7795,275,,,,,,,,
7796,275,,,,,,,,
7797,275,,,,,,,,
7798,275,,,,,,,,
7799,275,,,,,,,,
7800,275,,,,,,,,
7801,275,,,,,,,,
7802,275,,,,,,,,
7803,275,,,,,,,,
7804,275,,,,,,,,
7805,275,,,,,,,,
7806,275,,,,,,,,
7807,275,,,,,,,,
7808,275,,,,,,,,
7809,275,,,,,,,,
7810,275,,,,,,,,
7811,275,,,,,,,,
7812,275,,,,,,,,
7813,275,,0.000681190998875536,,,,,,
7814,275,0.0017590940005902667,,,,,,,
7815,275,,,,,,,,
7816,275,,,,,,,,
7817,275,,,,,,,,
7818,275,,,,,,,,
7819,275,,,,,,,,
7820,275,,,,,,,,
7821,275,,,,,,,,
7822,275,,,,,,,,
7823,275,,,,,,,,
7824,275,,,,,,,,
7825,275,,,,,,,,
7826,275,,,,,,,,
7827,275,,,,,,,,
7828,275,,,,,,,,
7829,275,,,,,,,,
7830,275,,,,,,,,
7831,275,,,,,,,,
7832,275,,,,,,,,
7833,275,,,,,,,,
7834,275,,,,,,,,
7835,275,,,,,,,,
7836,275,,,,,,,,
7837,275,,,,,,,,
7838,275,,,,,,,,
7839,275,,,,,,,,
7840,275,,,,,,,,
7841,275,,0.0007074720015225466,,,,,,
7842,275,0.001567519000673201,,,,,,,
7843,275,,,,,,,,
7844,275,,,,,,,,
7845,275,,,,,,,,
7846,275,,,,,,,,
7847,275,,,,,,,,
7848,275,,,,,,,,
7849,275,,,,,,,,
7850,275,,,,,,,,
7851,275,,,,,,,,
7852,275,,,,,,,,
7853,275,,,,,,,,
7854,275,,,,,,,,
7855,275,,,,,,,,
7856,275,,,,,,,,
7857,275,,,,,,,,
7858,275,,,,,,,,
7859,275,,,,,,,,
7860,275,,,,,,,,
7861,275,,,,,,,,
7862,275,,,,,,,,
7863,275,,,,,,,,
7864,275,,,,,,,,
7865,275,,,,,,,,
7866,275,,,,,,,,
7867,275,,,,,,,,
7868,275,,,,,,,,
7869,275,,0.0006263889990805183,,,,,,
7870,275,0.00138373300069361,,,,,,,
7871,275,,,,,,,,
7872,275,,,,,,,,
7873,275,,,,,,,,
7874,275,,,,,,,,
7875,275,,,,,,,,
7876,275,,,,,,,,
7877,275,,,,,,,,
7878,275,,,,,,,,
7879,275,,,,,,,,
7880,275,,,,,,,,
7881,275,,,,,,,,
7882,275,,,,,,,,
7883,275,,,,,,,,
7884,275,,,,,,,,
7885,275,,,,,,,,
7886,275,,,,,,,,
7887,275,,,,,,,,
7888,275,,,,,,,,
7889,275,,,,,,,,
7890,275,,,,,,,,
7891,275,,,,,,,,
7892,275,,,,,,,,
7893,275,,,,,,,,
7894,275,,,,,,,,
7895,280,,,0.6947890818858561,1,1.600000023841858,0,1.600000023841858,0
7896,280,,,,,,,,
7897,280,,,,,,,,
7898,280,,0.0006447260020649992,,,,,,
7899,280,0.0015164380019996315,,,,,,,
7900,280,,,,,,,,
7901,280,,,,,,,,
7902,280,,,,,,,,
7903,280,,,,,,,,
7904,280,,,,,,,,
7905,280,,,,,,,,
7906,280,,,,,,,,
7907,280,,,,,,,,
7908,280,,,,,,,,
7909,280,,,,,,,,
7910,280,,,,,,,,
7911,280,,,,,,,,
7912,280,,,,,,,,
7913,280,,,,,,,,
7914,280,,,,,,,,
7915,280,,,,,,,,
7916,280,,,,,,,,
7917,280,,,,,,,,
7918,280,,,,,,,,
7919,280,,,,,,,,
7920,280,,,,,,,,
7921,280,,,,,,,,
7922,280,,,,,,,,
7923,280,,,,,,,,
7924,280,,,,,,,,
7925,280,,,,,,,,
7926,280,,0.0008035369974095374,,,,,,
7927,280,0.001659489000303438,,,,,,,
7928,280,,,,,,,,
7929,280,,,,,,,,
7930,280,,,,,,,,
7931,280,,,,,,,,
7932,280,,,,,,,,
7933,280,,,,,,,,
7934,280,,,,,,,,
7935,280,,,,,,,,
7936,280,,,,,,,,
7937,280,,,,,,,,
7938,280,,,,,,,,
7939,280,,,,,,,,
7940,280,,,,,,,,
7941,280,,,,,,,,
7942,280,,,,,,,,
7943,280,,,,,,,,
7944,280,,,,,,,,
7945,280,,,,,,,,
7946,280,,,,,,,,
7947,280,,,,,,,,
7948,280,,,,,,,,
7949,280,,,,,,,,
7950,280,,,,,,,,
7951,280,,,,,,,,
7952,280,,,,,,,,
7953,280,,,,,,,,
7954,280,,0.0008324420014105272,,,,,,
7955,280,0.0016881480005395133,,,,,,,
7956,280,,,,,,,,
7957,280,,,,,,,,
7958,280,,,,,,,,
7959,280,,,,,,,,
7960,280,,,,,,,,
7961,280,,,,,,,,
7962,280,,,,,,,,
7963,280,,,,,,,,
7964,280,,,,,,,,
7965,280,,,,,,,,
7966,280,,,,,,,,
7967,280,,,,,,,,
7968,280,,,,,,,,
7969,280,,,,,,,,
7970,280,,,,,,,,
7971,280,,,,,,,,
7972,280,,,,,,,,
7973,280,,,,,,,,
7974,280,,,,,,,,
7975,280,,,,,,,,
7976,280,,,,,,,,
7977,280,,,,,,,,
7978,280,,,,,,,,
7979,280,,,,,,,,
7980,280,,,,,,,,
7981,280,,,,,,,,
7982,280,,0.0006706149979436304,,,,,,
7983,280,0.0015670809989387635,,,,,,,
7984,280,,,,,,,,
7985,280,,,,,,,,
7986,280,,,,,,,,
7987,280,,,,,,,,
7988,280,,,,,,,,
7989,280,,,,,,,,
7990,280,,,,,,,,
7991,280,,,,,,,,
7992,280,,,,,,,,
7993,280,,,,,,,,
7994,280,,,,,,,,
7995,280,,,,,,,,
7996,280,,,,,,,,
7997,280,,,,,,,,
7998,280,,,,,,,,
7999,280,,,,,,,,
8000,280,,,,,,,,
8001,280,,,,,,,,
8002,280,,,,,,,,
8003,280,,,,,,,,
8004,280,,,,,,,,
8005,280,,,,,,,,
8006,280,,,,,,,,
8007,280,,,,,,,,
8008,280,,,,,,,,
8009,280,,,,,,,,
8010,280,,0.0006484609984909184,,,,,,
8011,280,0.0015037379998830147,,,,,,,
8012,280,,,,,,,,
8013,280,,,,,,,,
8014,280,,,,,,,,
8015,280,,,,,,,,
8016,280,,,,,,,,
8017,280,,,,,,,,
8018,280,,,,,,,,
8019,280,,,,,,,,
8020,280,,,,,,,,
8021,280,,,,,,,,
8022,280,,,,,,,,
8023,280,,,,,,,,
8024,280,,,,,,,,
8025,280,,,,,,,,
8026,280,,,,,,,,
8027,280,,,,,,,,
8028,280,,,,,,,,
8029,280,,,,,,,,
8030,280,,,,,,,,
8031,280,,,,,,,,
8032,280,,,,,,,,
8033,280,,,,,,,,
8034,280,,,,,,,,
8035,280,,,,,,,,
8036,285,,,0.707196029776675,1,1.600000023841858,0,1.600000023841858,0
8037,285,,,,,,,,
8038,285,,,,,,,,
8039,285,,0.00076450899723568,,,,,,
8040,285,0.001629140999284573,,,,,,,
8041,285,,,,,,,,
8042,285,,,,,,,,
8043,285,,,,,,,,
8044,285,,,,,,,,
8045,285,,,,,,,,
8046,285,,,,,,,,
8047,285,,,,,,,,
8048,285,,,,,,,,
8049,285,,,,,,,,
8050,285,,,,,,,,
8051,285,,,,,,,,
8052,285,,,,,,,,
8053,285,,,,,,,,
8054,285,,,,,,,,
8055,285,,,,,,,,
8056,285,,,,,,,,
8057,285,,,,,,,,
8058,285,,,,,,,,
8059,285,,,,,,,,
8060,285,,,,,,,,
8061,285,,,,,,,,
8062,285,,,,,,,,
8063,285,,,,,,,,
8064,285,,,,,,,,
8065,285,,,,,,,,
8066,285,,,,,,,,
8067,285,,0.0006345799993141554,,,,,,
8068,285,0.0015042429986351635,,,,,,,
8069,285,,,,,,,,
8070,285,,,,,,,,
8071,285,,,,,,,,
8072,285,,,,,,,,
8073,285,,,,,,,,
8074,285,,,,,,,,
8075,285,,,,,,,,
8076,285,,,,,,,,
8077,285,,,,,,,,
8078,285,,,,,,,,
8079,285,,,,,,,,
8080,285,,,,,,,,
8081,285,,,,,,,,
8082,285,,,,,,,,
8083,285,,,,,,,,
8084,285,,,,,,,,
8085,285,,,,,,,,
8086,285,,,,,,,,
8087,285,,,,,,,,
8088,285,,,,,,,,
8089,285,,,,,,,,
8090,285,,,,,,,,
8091,285,,,,,,,,
8092,285,,,,,,,,
8093,285,,,,,,,,
8094,285,,,,,,,,
8095,285,,0.00072465500124963,,,,,,
8096,285,0.0015304010012187064,,,,,,,
8097,285,,,,,,,,
8098,285,,,,,,,,
8099,285,,,,,,,,
8100,285,,,,,,,,
8101,285,,,,,,,,
8102,285,,,,,,,,
8103,285,,,,,,,,
8104,285,,,,,,,,
8105,285,,,,,,,,
8106,285,,,,,,,,
8107,285,,,,,,,,
8108,285,,,,,,,,
8109,285,,,,,,,,
8110,285,,,,,,,,
8111,285,,,,,,,,
8112,285,,,,,,,,
8113,285,,,,,,,,
8114,285,,,,,,,,
8115,285,,,,,,,,
8116,285,,,,,,,,
8117,285,,,,,,,,
8118,285,,,,,,,,
8119,285,,,,,,,,
8120,285,,,,,,,,
8121,285,,,,,,,,
8122,285,,,,,,,,
8123,285,,0.0007281739999598358,,,,,,
8124,285,0.001823786999011645,,,,,,,
8125,285,,,,,,,,
8126,285,,,,,,,,
8127,285,,,,,,,,
8128,285,,,,,,,,
8129,285,,,,,,,,
8130,285,,,,,,,,
8131,285,,,,,,,,
8132,285,,,,,,,,
8133,285,,,,,,,,
8134,285,,,,,,,,
8135,285,,,,,,,,
8136,285,,,,,,,,
8137,285,,,,,,,,
8138,285,,,,,,,,
8139,285,,,,,,,,
8140,285,,,,,,,,
8141,285,,,,,,,,
8142,285,,,,,,,,
8143,285,,,,,,,,
8144,285,,,,,,,,
8145,285,,,,,,,,
8146,285,,,,,,,,
8147,285,,,,,,,,
8148,285,,,,,,,,
8149,285,,,,,,,,
8150,285,,,,,,,,
8151,285,,0.0007706639989919495,,,,,,
8152,285,0.001768310001352802,,,,,,,
8153,285,,,,,,,,
8154,285,,,,,,,,
8155,285,,,,,,,,
8156,285,,,,,,,,
8157,285,,,,,,,,
8158,285,,,,,,,,
8159,285,,,,,,,,
8160,285,,,,,,,,
8161,285,,,,,,,,
8162,285,,,,,,,,
8163,285,,,,,,,,
8164,285,,,,,,,,
8165,285,,,,,,,,
8166,285,,,,,,,,
8167,285,,,,,,,,
8168,285,,,,,,,,
8169,285,,,,,,,,
8170,285,,,,,,,,
8171,285,,,,,,,,
8172,285,,,,,,,,
8173,285,,,,,,,,
8174,285,,,,,,,,
8175,285,,,,,,,,
8176,285,,,,,,,,
8177,290,,,0.7196029776674938,1,1.600000023841858,0,1.600000023841858,0
8178,290,,,,,,,,
8179,290,,,,,,,,
8180,290,,0.0006749489984940737,,,,,,
8181,290,0.001635959000850562,,,,,,,
8182,290,,,,,,,,
8183,290,,,,,,,,
8184,290,,,,,,,,
8185,290,,,,,,,,
8186,290,,,,,,,,
8187,290,,,,,,,,
8188,290,,,,,,,,
8189,290,,,,,,,,
8190,290,,,,,,,,
8191,290,,,,,,,,
8192,290,,,,,,,,
8193,290,,,,,,,,
8194,290,,,,,,,,
8195,290,,,,,,,,
8196,290,,,,,,,,
8197,290,,,,,,,,
8198,290,,,,,,,,
8199,290,,,,,,,,
8200,290,,,,,,,,
8201,290,,,,,,,,
8202,290,,,,,,,,
8203,290,,,,,,,,
8204,290,,,,,,,,
8205,290,,,,,,,,
8206,290,,,,,,,,
8207,290,,,,,,,,
8208,290,,0.0006814150001446251,,,,,,
8209,290,0.001697391999186948,,,,,,,
8210,290,,,,,,,,
8211,290,,,,,,,,
8212,290,,,,,,,,
8213,290,,,,,,,,
8214,290,,,,,,,,
8215,290,,,,,,,,
8216,290,,,,,,,,
8217,290,,,,,,,,
8218,290,,,,,,,,
8219,290,,,,,,,,
8220,290,,,,,,,,
8221,290,,,,,,,,
8222,290,,,,,,,,
8223,290,,,,,,,,
8224,290,,,,,,,,
8225,290,,,,,,,,
8226,290,,,,,,,,
8227,290,,,,,,,,
8228,290,,,,,,,,
8229,290,,,,,,,,
8230,290,,,,,,,,
8231,290,,,,,,,,
8232,290,,,,,,,,
8233,290,,,,,,,,
8234,290,,,,,,,,
8235,290,,,,,,,,
8236,290,,0.0007238029975269455,,,,,,
8237,290,0.0015067079984873999,,,,,,,
8238,290,,,,,,,,
8239,290,,,,,,,,
8240,290,,,,,,,,
8241,290,,,,,,,,
8242,290,,,,,,,,
8243,290,,,,,,,,
8244,290,,,,,,,,
8245,290,,,,,,,,
8246,290,,,,,,,,
8247,290,,,,,,,,
8248,290,,,,,,,,
8249,290,,,,,,,,
8250,290,,,,,,,,
8251,290,,,,,,,,
8252,290,,,,,,,,
8253,290,,,,,,,,
8254,290,,,,,,,,
8255,290,,,,,,,,
8256,290,,,,,,,,
8257,290,,,,,,,,
8258,290,,,,,,,,
8259,290,,,,,,,,
8260,290,,,,,,,,
8261,290,,,,,,,,
8262,290,,,,,,,,
8263,290,,,,,,,,
8264,290,,0.0006828959994891193,,,,,,
8265,290,0.001565493999805767,,,,,,,
8266,290,,,,,,,,
8267,290,,,,,,,,
8268,290,,,,,,,,
8269,290,,,,,,,,
8270,290,,,,,,,,
8271,290,,,,,,,,
8272,290,,,,,,,,
8273,290,,,,,,,,
8274,290,,,,,,,,
8275,290,,,,,,,,
8276,290,,,,,,,,
8277,290,,,,,,,,
8278,290,,,,,,,,
8279,290,,,,,,,,
8280,290,,,,,,,,
8281,290,,,,,,,,
8282,290,,,,,,,,
8283,290,,,,,,,,
8284,290,,,,,,,,
8285,290,,,,,,,,
8286,290,,,,,,,,
8287,290,,,,,,,,
8288,290,,,,,,,,
8289,290,,,,,,,,
8290,290,,,,,,,,
8291,290,,,,,,,,
8292,290,,0.0007110970000212546,,,,,,
8293,290,0.0017312969976046588,,,,,,,
8294,290,,,,,,,,
8295,290,,,,,,,,
8296,290,,,,,,,,
8297,290,,,,,,,,
8298,290,,,,,,,,
8299,290,,,,,,,,
8300,290,,,,,,,,
8301,290,,,,,,,,
8302,290,,,,,,,,
8303,290,,,,,,,,
8304,290,,,,,,,,
8305,290,,,,,,,,
8306,290,,,,,,,,
8307,290,,,,,,,,
8308,290,,,,,,,,
8309,290,,,,,,,,
8310,290,,,,,,,,
8311,290,,,,,,,,
8312,290,,,,,,,,
8313,290,,,,,,,,
8314,290,,,,,,,,
8315,290,,,,,,,,
8316,290,,,,,,,,
8317,290,,,,,,,,
8318,295,,,0.7320099255583127,1,1.600000023841858,0,1.600000023841858,0
8319,295,,,,,,,,
8320,295,,,,,,,,
8321,295,,0.00074532399958116,,,,,,
8322,295,0.0017341069979011081,,,,,,,
8323,295,,,,,,,,
8324,295,,,,,,,,
8325,295,,,,,,,,
8326,295,,,,,,,,
8327,295,,,,,,,,
8328,295,,,,,,,,
8329,295,,,,,,,,
8330,295,,,,,,,,
8331,295,,,,,,,,
8332,295,,,,,,,,
8333,295,,,,,,,,
8334,295,,,,,,,,
8335,295,,,,,,,,
8336,295,,,,,,,,
8337,295,,,,,,,,
8338,295,,,,,,,,
8339,295,,,,,,,,
8340,295,,,,,,,,
8341,295,,,,,,,,
8342,295,,,,,,,,
8343,295,,,,,,,,
8344,295,,,,,,,,
8345,295,,,,,,,,
8346,295,,,,,,,,
8347,295,,,,,,,,
8348,295,,,,,,,,
8349,295,,0.0006690759983030148,,,,,,
8350,295,0.0015421450007124804,,,,,,,
8351,295,,,,,,,,
8352,295,,,,,,,,
8353,295,,,,,,,,
8354,295,,,,,,,,
8355,295,,,,,,,,
8356,295,,,,,,,,
8357,295,,,,,,,,
8358,295,,,,,,,,
8359,295,,,,,,,,
8360,295,,,,,,,,
8361,295,,,,,,,,
8362,295,,,,,,,,
8363,295,,,,,,,,
8364,295,,,,,,,,
8365,295,,,,,,,,
8366,295,,,,,,,,
8367,295,,,,,,,,
8368,295,,,,,,,,
8369,295,,,,,,,,
8370,295,,,,,,,,
8371,295,,,,,,,,
8372,295,,,,,,,,
8373,295,,,,,,,,
8374,295,,,,,,,,
8375,295,,,,,,,,
8376,295,,,,,,,,
8377,295,,0.000694649999786634,,,,,,
8378,295,0.0016076350002549589,,,,,,,
8379,295,,,,,,,,
8380,295,,,,,,,,
8381,295,,,,,,,,
8382,295,,,,,,,,
8383,295,,,,,,,,
8384,295,,,,,,,,
8385,295,,,,,,,,
8386,295,,,,,,,,
8387,295,,,,,,,,
8388,295,,,,,,,,
8389,295,,,,,,,,
8390,295,,,,,,,,
8391,295,,,,,,,,
8392,295,,,,,,,,
8393,295,,,,,,,,
8394,295,,,,,,,,
8395,295,,,,,,,,
8396,295,,,,,,,,
8397,295,,,,,,,,
8398,295,,,,,,,,
8399,295,,,,,,,,
8400,295,,,,,,,,
8401,295,,,,,,,,
8402,295,,,,,,,,
8403,295,,,,,,,,
8404,295,,,,,,,,
8405,295,,0.0006414919989765622,,,,,,
8406,295,0.0014701159998367075,,,,,,,
8407,295,,,,,,,,
8408,295,,,,,,,,
8409,295,,,,,,,,
8410,295,,,,,,,,
8411,295,,,,,,,,
8412,295,,,,,,,,
8413,295,,,,,,,,
8414,295,,,,,,,,
8415,295,,,,,,,,
8416,295,,,,,,,,
8417,295,,,,,,,,
8418,295,,,,,,,,
8419,295,,,,,,,,
8420,295,,,,,,,,
8421,295,,,,,,,,
8422,295,,,,,,,,
8423,295,,,,,,,,
8424,295,,,,,,,,
8425,295,,,,,,,,
8426,295,,,,,,,,
8427,295,,,,,,,,
8428,295,,,,,,,,
8429,295,,,,,,,,
8430,295,,,,,,,,
8431,295,,,,,,,,
8432,295,,,,,,,,
8433,295,,0.0006612399993173312,,,,,,
8434,295,0.0016081430003396235,,,,,,,
8435,295,,,,,,,,
8436,295,,,,,,,,
8437,295,,,,,,,,
8438,295,,,,,,,,
8439,295,,,,,,,,
8440,295,,,,,,,,
8441,295,,,,,,,,
8442,295,,,,,,,,
8443,295,,,,,,,,
8444,295,,,,,,,,
8445,295,,,,,,,,
8446,295,,,,,,,,
8447,295,,,,,,,,
8448,295,,,,,,,,
8449,295,,,,,,,,
8450,295,,,,,,,,
8451,295,,,,,,,,
8452,295,,,,,,,,
8453,295,,,,,,,,
8454,295,,,,,,,,
8455,295,,,,,,,,
8456,295,,,,,,,,
8457,295,,,,,,,,
8458,295,,,,,,,,
8459,300,,,0.7444168734491315,1,1.600000023841858,0,1.600000023841858,0
8460,300,,,,,,,,
8461,300,,,,,,,,
8462,300,,0.0006576020023203455,,,,,,
8463,300,0.0015008500013209414,,,,,,,
8464,300,,,,,,,,
8465,300,,,,,,,,
8466,300,,,,,,,,
8467,300,,,,,,,,
8468,300,,,,,,,,
8469,300,,,,,,,,
8470,300,,,,,,,,
8471,300,,,,,,,,
8472,300,,,,,,,,
8473,300,,,,,,,,
8474,300,,,,,,,,
8475,300,,,,,,,,
8476,300,,,,,,,,
8477,300,,,,,,,,
8478,300,,,,,,,,
8479,300,,,,,,,,
8480,300,,,,,,,,
8481,300,,,,,,,,
8482,300,,,,,,,,
8483,300,,,,,,,,
8484,300,,,,,,,,
8485,300,,,,,,,,
8486,300,,,,,,,,
8487,300,,,,,,,,
8488,300,,,,,,,,
8489,300,,,,,,,,
8490,300,,0.0006336629994621035,,,,,,
8491,300,0.0015258020030159969,,,,,,,
8492,300,,,,,,,,
8493,300,,,,,,,,
8494,300,,,,,,,,
8495,300,,,,,,,,
8496,300,,,,,,,,
8497,300,,,,,,,,
8498,300,,,,,,,,
8499,300,,,,,,,,
8500,300,,,,,,,,
8501,300,,,,,,,,
8502,300,,,,,,,,
8503,300,,,,,,,,
8504,300,,,,,,,,
8505,300,,,,,,,,
8506,300,,,,,,,,
8507,300,,,,,,,,
8508,300,,,,,,,,
8509,300,,,,,,,,
8510,300,,,,,,,,
8511,300,,,,,,,,
8512,300,,,,,,,,
8513,300,,,,,,,,
8514,300,,,,,,,,
8515,300,,,,,,,,
8516,300,,,,,,,,
8517,300,,,,,,,,
8518,300,,0.000666166000883095,,,,,,
8519,300,0.0017189860009239055,,,,,,,
8520,300,,,,,,,,
8521,300,,,,,,,,
8522,300,,,,,,,,
8523,300,,,,,,,,
8524,300,,,,,,,,
8525,300,,,,,,,,
8526,300,,,,,,,,
8527,300,,,,,,,,
8528,300,,,,,,,,
8529,300,,,,,,,,
8530,300,,,,,,,,
8531,300,,,,,,,,
8532,300,,,,,,,,
8533,300,,,,,,,,
8534,300,,,,,,,,
8535,300,,,,,,,,
8536,300,,,,,,,,
8537,300,,,,,,,,
8538,300,,,,,,,,
8539,300,,,,,,,,
8540,300,,,,,,,,
8541,300,,,,,,,,
8542,300,,,,,,,,
8543,300,,,,,,,,
8544,300,,,,,,,,
8545,300,,,,,,,,
8546,300,,0.0006866139992780518,,,,,,
8547,300,0.0016178269979718607,,,,,,,
8548,300,,,,,,,,
8549,300,,,,,,,,
8550,300,,,,,,,,
8551,300,,,,,,,,
8552,300,,,,,,,,
8553,300,,,,,,,,
8554,300,,,,,,,,
8555,300,,,,,,,,
8556,300,,,,,,,,
8557,300,,,,,,,,
8558,300,,,,,,,,
8559,300,,,,,,,,
8560,300,,,,,,,,
8561,300,,,,,,,,
8562,300,,,,,,,,
8563,300,,,,,,,,
8564,300,,,,,,,,
8565,300,,,,,,,,
8566,300,,,,,,,,
8567,300,,,,,,,,
8568,300,,,,,,,,
8569,300,,,,,,,,
8570,300,,,,,,,,
8571,300,,,,,,,,
8572,300,,,,,,,,
8573,300,,,,,,,,
8574,300,,0.0006522809999296442,,,,,,
8575,300,0.0014599419992009643,,,,,,,
8576,300,,,,,,,,
8577,300,,,,,,,,
8578,300,,,,,,,,
8579,300,,,,,,,,
8580,300,,,,,,,,
8581,300,,,,,,,,
8582,300,,,,,,,,
8583,300,,,,,,,,
8584,300,,,,,,,,
8585,300,,,,,,,,
8586,300,,,,,,,,
8587,300,,,,,,,,
8588,300,,,,,,,,
8589,300,,,,,,,,
8590,300,,,,,,,,
8591,300,,,,,,,,
8592,300,,,,,,,,
8593,300,,,,,,,,
8594,300,,,,,,,,
8595,300,,,,,,,,
8596,300,,,,,,,,
8597,300,,,,,,,,
8598,300,,,,,,,,
8599,300,,,,,,,,
8600,305,,,0.7568238213399504,1,1.600000023841858,0,1.600000023841858,0
8601,305,,,,,,,,
8602,305,,,,,,,,
8603,305,,0.0007007910026004538,,,,,,
8604,305,0.0015931950001686346,,,,,,,
8605,305,,,,,,,,
8606,305,,,,,,,,
8607,305,,,,,,,,
8608,305,,,,,,,,
8609,305,,,,,,,,
8610,305,,,,,,,,
8611,305,,,,,,,,
8612,305,,,,,,,,
8613,305,,,,,,,,
8614,305,,,,,,,,
8615,305,,,,,,,,
8616,305,,,,,,,,
8617,305,,,,,,,,
8618,305,,,,,,,,
8619,305,,,,,,,,
8620,305,,,,,,,,
8621,305,,,,,,,,
8622,305,,,,,,,,
8623,305,,,,,,,,
8624,305,,,,,,,,
8625,305,,,,,,,,
8626,305,,,,,,,,
8627,305,,,,,,,,
8628,305,,,,,,,,
8629,305,,,,,,,,
8630,305,,,,,,,,
8631,305,,0.0006379650003509596,,,,,,
8632,305,0.0014782489997742232,,,,,,,
8633,305,,,,,,,,
8634,305,,,,,,,,
8635,305,,,,,,,,
8636,305,,,,,,,,
8637,305,,,,,,,,
8638,305,,,,,,,,
8639,305,,,,,,,,
8640,305,,,,,,,,
8641,305,,,,,,,,
8642,305,,,,,,,,
8643,305,,,,,,,,
8644,305,,,,,,,,
8645,305,,,,,,,,
8646,305,,,,,,,,
8647,305,,,,,,,,
8648,305,,,,,,,,
8649,305,,,,,,,,
8650,305,,,,,,,,
8651,305,,,,,,,,
8652,305,,,,,,,,
8653,305,,,,,,,,
8654,305,,,,,,,,
8655,305,,,,,,,,
8656,305,,,,,,,,
8657,305,,,,,,,,
8658,305,,,,,,,,
8659,305,,0.0006613350014958996,,,,,,
8660,305,0.0016343370007234626,,,,,,,
8661,305,,,,,,,,
8662,305,,,,,,,,
8663,305,,,,,,,,
8664,305,,,,,,,,
8665,305,,,,,,,,
8666,305,,,,,,,,
8667,305,,,,,,,,
8668,305,,,,,,,,
8669,305,,,,,,,,
8670,305,,,,,,,,
8671,305,,,,,,,,
8672,305,,,,,,,,
8673,305,,,,,,,,
8674,305,,,,,,,,
8675,305,,,,,,,,
8676,305,,,,,,,,
8677,305,,,,,,,,
8678,305,,,,,,,,
8679,305,,,,,,,,
8680,305,,,,,,,,
8681,305,,,,,,,,
8682,305,,,,,,,,
8683,305,,,,,,,,
8684,305,,,,,,,,
8685,305,,,,,,,,
8686,305,,,,,,,,
8687,305,,0.0006884590002300683,,,,,,
8688,305,0.0016563500030315481,,,,,,,
8689,305,,,,,,,,
8690,305,,,,,,,,
8691,305,,,,,,,,
8692,305,,,,,,,,
8693,305,,,,,,,,
8694,305,,,,,,,,
8695,305,,,,,,,,
8696,305,,,,,,,,
8697,305,,,,,,,,
8698,305,,,,,,,,
8699,305,,,,,,,,
8700,305,,,,,,,,
8701,305,,,,,,,,
8702,305,,,,,,,,
8703,305,,,,,,,,
8704,305,,,,,,,,
8705,305,,,,,,,,
8706,305,,,,,,,,
8707,305,,,,,,,,
8708,305,,,,,,,,
8709,305,,,,,,,,
8710,305,,,,,,,,
8711,305,,,,,,,,
8712,305,,,,,,,,
8713,305,,,,,,,,
8714,305,,,,,,,,
8715,305,,0.0006722690013702959,,,,,,
8716,305,0.0015292280004359782,,,,,,,
8717,305,,,,,,,,
8718,305,,,,,,,,
8719,305,,,,,,,,
8720,305,,,,,,,,
8721,305,,,,,,,,
8722,305,,,,,,,,
8723,305,,,,,,,,
8724,305,,,,,,,,
8725,305,,,,,,,,
8726,305,,,,,,,,
8727,305,,,,,,,,
8728,305,,,,,,,,
8729,305,,,,,,,,
8730,305,,,,,,,,
8731,305,,,,,,,,
8732,305,,,,,,,,
8733,305,,,,,,,,
8734,305,,,,,,,,
8735,305,,,,,,,,
8736,305,,,,,,,,
8737,305,,,,,,,,
8738,305,,,,,,,,
8739,305,,,,,,,,
8740,305,,,,,,,,
8741,310,,,0.7692307692307693,1,1.600000023841858,0,1.600000023841858,0
8742,310,,,,,,,,
8743,310,,,,,,,,
8744,310,,0.000656217998766806,,,,,,
8745,310,0.001459385999623919,,,,,,,
8746,310,,,,,,,,
8747,310,,,,,,,,
8748,310,,,,,,,,
8749,310,,,,,,,,
8750,310,,,,,,,,
8751,310,,,,,,,,
8752,310,,,,,,,,
8753,310,,,,,,,,
8754,310,,,,,,,,
8755,310,,,,,,,,
8756,310,,,,,,,,
8757,310,,,,,,,,
8758,310,,,,,,,,
8759,310,,,,,,,,
8760,310,,,,,,,,
8761,310,,,,,,,,
8762,310,,,,,,,,
8763,310,,,,,,,,
8764,310,,,,,,,,
8765,310,,,,,,,,
8766,310,,,,,,,,
8767,310,,,,,,,,
8768,310,,,,,,,,
8769,310,,,,,,,,
8770,310,,,,,,,,
8771,310,,,,,,,,
8772,310,,0.0006445130020438228,,,,,,
8773,310,0.0016552180022699758,,,,,,,
8774,310,,,,,,,,
8775,310,,,,,,,,
8776,310,,,,,,,,
8777,310,,,,,,,,
8778,310,,,,,,,,
8779,310,,,,,,,,
8780,310,,,,,,,,
8781,310,,,,,,,,
8782,310,,,,,,,,
8783,310,,,,,,,,
8784,310,,,,,,,,
8785,310,,,,,,,,
8786,310,,,,,,,,
8787,310,,,,,,,,
8788,310,,,,,,,,
8789,310,,,,,,,,
8790,310,,,,,,,,
8791,310,,,,,,,,
8792,310,,,,,,,,
8793,310,,,,,,,,
8794,310,,,,,,,,
8795,310,,,,,,,,
8796,310,,,,,,,,
8797,310,,,,,,,,
8798,310,,,,,,,,
8799,310,,,,,,,,
8800,310,,0.0006716880016028881,,,,,,
8801,310,0.0015869439994276036,,,,,,,
8802,310,,,,,,,,
8803,310,,,,,,,,
8804,310,,,,,,,,
8805,310,,,,,,,,
8806,310,,,,,,,,
8807,310,,,,,,,,
8808,310,,,,,,,,
8809,310,,,,,,,,
8810,310,,,,,,,,
8811,310,,,,,,,,
8812,310,,,,,,,,
8813,310,,,,,,,,
8814,310,,,,,,,,
8815,310,,,,,,,,
8816,310,,,,,,,,
8817,310,,,,,,,,
8818,310,,,,,,,,
8819,310,,,,,,,,
8820,310,,,,,,,,
8821,310,,,,,,,,
8822,310,,,,,,,,
8823,310,,,,,,,,
8824,310,,,,,,,,
8825,310,,,,,,,,
8826,310,,,,,,,,
8827,310,,,,,,,,
8828,310,,0.0006818599977123085,,,,,,
8829,310,0.001593065000633942,,,,,,,
8830,310,,,,,,,,
8831,310,,,,,,,,
8832,310,,,,,,,,
8833,310,,,,,,,,
8834,310,,,,,,,,
8835,310,,,,,,,,
8836,310,,,,,,,,
8837,310,,,,,,,,
8838,310,,,,,,,,
8839,310,,,,,,,,
8840,310,,,,,,,,
8841,310,,,,,,,,
8842,310,,,,,,,,
8843,310,,,,,,,,
8844,310,,,,,,,,
8845,310,,,,,,,,
8846,310,,,,,,,,
8847,310,,,,,,,,
8848,310,,,,,,,,
8849,310,,,,,,,,
8850,310,,,,,,,,
8851,310,,,,,,,,
8852,310,,,,,,,,
8853,310,,,,,,,,
8854,310,,,,,,,,
8855,310,,,,,,,,
8856,310,,0.0007011199995758943,,,,,,
8857,310,0.0017929919995367527,,,,,,,
8858,310,,,,,,,,
8859,310,,,,,,,,
8860,310,,,,,,,,
8861,310,,,,,,,,
8862,310,,,,,,,,
8863,310,,,,,,,,
8864,310,,,,,,,,
8865,310,,,,,,,,
8866,310,,,,,,,,
8867,310,,,,,,,,
8868,310,,,,,,,,
8869,310,,,,,,,,
8870,310,,,,,,,,
8871,310,,,,,,,,
8872,310,,,,,,,,
8873,310,,,,,,,,
8874,310,,,,,,,,
8875,310,,,,,,,,
8876,310,,,,,,,,
8877,310,,,,,,,,
8878,310,,,,,,,,
8879,310,,,,,,,,
8880,310,,,,,,,,
8881,310,,,,,,,,
8882,315,,,0.7816377171215881,1,1.600000023841858,0,1.600000023841858,0
8883,315,,,,,,,,
8884,315,,,,,,,,
8885,315,,0.0006411750000552274,,,,,,
8886,315,0.001526182000816334,,,,,,,
8887,315,,,,,,,,
8888,315,,,,,,,,
8889,315,,,,,,,,
8890,315,,,,,,,,
8891,315,,,,,,,,
8892,315,,,,,,,,
8893,315,,,,,,,,
8894,315,,,,,,,,
8895,315,,,,,,,,
8896,315,,,,,,,,
8897,315,,,,,,,,
8898,315,,,,,,,,
8899,315,,,,,,,,
8900,315,,,,,,,,
8901,315,,,,,,,,
8902,315,,,,,,,,
8903,315,,,,,,,,
8904,315,,,,,,,,
8905,315,,,,,,,,
8906,315,,,,,,,,
8907,315,,,,,,,,
8908,315,,,,,,,,
8909,315,,,,,,,,
8910,315,,,,,,,,
8911,315,,,,,,,,
8912,315,,,,,,,,
8913,315,,0.000626092998572858,,,,,,
8914,315,0.0014402580018213484,,,,,,,
8915,315,,,,,,,,
8916,315,,,,,,,,
8917,315,,,,,,,,
8918,315,,,,,,,,
8919,315,,,,,,,,
8920,315,,,,,,,,
8921,315,,,,,,,,
8922,315,,,,,,,,
8923,315,,,,,,,,
8924,315,,,,,,,,
8925,315,,,,,,,,
8926,315,,,,,,,,
8927,315,,,,,,,,
8928,315,,,,,,,,
8929,315,,,,,,,,
8930,315,,,,,,,,
8931,315,,,,,,,,
8932,315,,,,,,,,
8933,315,,,,,,,,
8934,315,,,,,,,,
8935,315,,,,,,,,
8936,315,,,,,,,,
8937,315,,,,,,,,
8938,315,,,,,,,,
8939,315,,,,,,,,
8940,315,,,,,,,,
8941,315,,0.0006684610016236547,,,,,,
8942,315,0.0015828899995540269,,,,,,,
8943,315,,,,,,,,
8944,315,,,,,,,,
8945,315,,,,,,,,
8946,315,,,,,,,,
8947,315,,,,,,,,
8948,315,,,,,,,,
8949,315,,,,,,,,
8950,315,,,,,,,,
8951,315,,,,,,,,
8952,315,,,,,,,,
8953,315,,,,,,,,
8954,315,,,,,,,,
8955,315,,,,,,,,
8956,315,,,,,,,,
8957,315,,,,,,,,
8958,315,,,,,,,,
8959,315,,,,,,,,
8960,315,,,,,,,,
8961,315,,,,,,,,
8962,315,,,,,,,,
8963,315,,,,,,,,
8964,315,,,,,,,,
8965,315,,,,,,,,
8966,315,,,,,,,,
8967,315,,,,,,,,
8968,315,,,,,,,,
8969,315,,0.000715662998118205,,,,,,
8970,315,0.0015676959992561024,,,,,,,
8971,315,,,,,,,,
8972,315,,,,,,,,
8973,315,,,,,,,,
8974,315,,,,,,,,
8975,315,,,,,,,,
8976,315,,,,,,,,
8977,315,,,,,,,,
8978,315,,,,,,,,
8979,315,,,,,,,,
8980,315,,,,,,,,
8981,315,,,,,,,,
8982,315,,,,,,,,
8983,315,,,,,,,,
8984,315,,,,,,,,
8985,315,,,,,,,,
8986,315,,,,,,,,
8987,315,,,,,,,,
8988,315,,,,,,,,
8989,315,,,,,,,,
8990,315,,,,,,,,
8991,315,,,,,,,,
8992,315,,,,,,,,
8993,315,,,,,,,,
8994,315,,,,,,,,
8995,315,,,,,,,,
8996,315,,,,,,,,
8997,315,,0.0006660260005446617,,,,,,
8998,315,0.0015180209993559401,,,,,,,
8999,315,,,,,,,,
9000,315,,,,,,,,
9001,315,,,,,,,,
9002,315,,,,,,,,
9003,315,,,,,,,,
9004,315,,,,,,,,
9005,315,,,,,,,,
9006,315,,,,,,,,
9007,315,,,,,,,,
9008,315,,,,,,,,
9009,315,,,,,,,,
9010,315,,,,,,,,
9011,315,,,,,,,,
9012,315,,,,,,,,
9013,315,,,,,,,,
9014,315,,,,,,,,
9015,315,,,,,,,,
9016,315,,,,,,,,
9017,315,,,,,,,,
9018,315,,,,,,,,
9019,315,,,,,,,,
9020,315,,,,,,,,
9021,315,,,,,,,,
9022,315,,,,,,,,
9023,320,,,0.794044665012407,1,1.600000023841858,0,1.600000023841858,0
9024,320,,,,,,,,
9025,320,,,,,,,,
9026,320,,0.0007024180013104342,,,,,,
9027,320,0.0016397990002587903,,,,,,,
9028,320,,,,,,,,
9029,320,,,,,,,,
9030,320,,,,,,,,
9031,320,,,,,,,,
9032,320,,,,,,,,
9033,320,,,,,,,,
9034,320,,,,,,,,
9035,320,,,,,,,,
9036,320,,,,,,,,
9037,320,,,,,,,,
9038,320,,,,,,,,
9039,320,,,,,,,,
9040,320,,,,,,,,
9041,320,,,,,,,,
9042,320,,,,,,,,
9043,320,,,,,,,,
9044,320,,,,,,,,
9045,320,,,,,,,,
9046,320,,,,,,,,
9047,320,,,,,,,,
9048,320,,,,,,,,
9049,320,,,,,,,,
9050,320,,,,,,,,
9051,320,,,,,,,,
9052,320,,,,,,,,
9053,320,,,,,,,,
9054,320,,0.0006548159981321078,,,,,,
9055,320,0.0016515909992449451,,,,,,,
9056,320,,,,,,,,
9057,320,,,,,,,,
9058,320,,,,,,,,
9059,320,,,,,,,,
9060,320,,,,,,,,
9061,320,,,,,,,,
9062,320,,,,,,,,
9063,320,,,,,,,,
9064,320,,,,,,,,
9065,320,,,,,,,,
9066,320,,,,,,,,
9067,320,,,,,,,,
9068,320,,,,,,,,
9069,320,,,,,,,,
9070,320,,,,,,,,
9071,320,,,,,,,,
9072,320,,,,,,,,
9073,320,,,,,,,,
9074,320,,,,,,,,
9075,320,,,,,,,,
9076,320,,,,,,,,
9077,320,,,,,,,,
9078,320,,,,,,,,
9079,320,,,,,,,,
9080,320,,,,,,,,
9081,320,,,,,,,,
9082,320,,0.0006816579989390448,,,,,,
9083,320,0.0015182069982984103,,,,,,,
9084,320,,,,,,,,
9085,320,,,,,,,,
9086,320,,,,,,,,
9087,320,,,,,,,,
9088,320,,,,,,,,
9089,320,,,,,,,,
9090,320,,,,,,,,
9091,320,,,,,,,,
9092,320,,,,,,,,
9093,320,,,,,,,,
9094,320,,,,,,,,
9095,320,,,,,,,,
9096,320,,,,,,,,
9097,320,,,,,,,,
9098,320,,,,,,,,
9099,320,,,,,,,,
9100,320,,,,,,,,
9101,320,,,,,,,,
9102,320,,,,,,,,
9103,320,,,,,,,,
9104,320,,,,,,,,
9105,320,,,,,,,,
9106,320,,,,,,,,
9107,320,,,,,,,,
9108,320,,,,,,,,
9109,320,,,,,,,,
9110,320,,0.0006401420032489114,,,,,,
9111,320,0.0015362910016847309,,,,,,,
9112,320,,,,,,,,
9113,320,,,,,,,,
9114,320,,,,,,,,
9115,320,,,,,,,,
9116,320,,,,,,,,
9117,320,,,,,,,,
9118,320,,,,,,,,
9119,320,,,,,,,,
9120,320,,,,,,,,
9121,320,,,,,,,,
9122,320,,,,,,,,
9123,320,,,,,,,,
9124,320,,,,,,,,
9125,320,,,,,,,,
9126,320,,,,,,,,
9127,320,,,,,,,,
9128,320,,,,,,,,
9129,320,,,,,,,,
9130,320,,,,,,,,
9131,320,,,,,,,,
9132,320,,,,,,,,
9133,320,,,,,,,,
9134,320,,,,,,,,
9135,320,,,,,,,,
9136,320,,,,,,,,
9137,320,,,,,,,,
9138,320,,0.0010874700019485317,,,,,,
9139,320,0.0019656479998957366,,,,,,,
9140,320,,,,,,,,
9141,320,,,,,,,,
9142,320,,,,,,,,
9143,320,,,,,,,,
9144,320,,,,,,,,
9145,320,,,,,,,,
9146,320,,,,,,,,
9147,320,,,,,,,,
9148,320,,,,,,,,
9149,320,,,,,,,,
9150,320,,,,,,,,
9151,320,,,,,,,,
9152,320,,,,,,,,
9153,320,,,,,,,,
9154,320,,,,,,,,
9155,320,,,,,,,,
9156,320,,,,,,,,
9157,320,,,,,,,,
9158,320,,,,,,,,
9159,320,,,,,,,,
9160,320,,,,,,,,
9161,320,,,,,,,,
9162,320,,,,,,,,
9163,320,,,,,,,,
9164,325,,,0.8064516129032258,1,1.600000023841858,0,1.600000023841858,0
9165,325,,,,,,,,
9166,325,,,,,,,,
9167,325,,0.0007420410001941491,,,,,,
9168,325,0.0017476319990237243,,,,,,,
9169,325,,,,,,,,
9170,325,,,,,,,,
9171,325,,,,,,,,
9172,325,,,,,,,,
9173,325,,,,,,,,
9174,325,,,,,,,,
9175,325,,,,,,,,
9176,325,,,,,,,,
9177,325,,,,,,,,
9178,325,,,,,,,,
9179,325,,,,,,,,
9180,325,,,,,,,,
9181,325,,,,,,,,
9182,325,,,,,,,,
9183,325,,,,,,,,
9184,325,,,,,,,,
9185,325,,,,,,,,
9186,325,,,,,,,,
9187,325,,,,,,,,
9188,325,,,,,,,,
9189,325,,,,,,,,
9190,325,,,,,,,,
9191,325,,,,,,,,
9192,325,,,,,,,,
9193,325,,,,,,,,
9194,325,,,,,,,,
9195,325,,0.0007527400011895224,,,,,,
9196,325,0.0016023770003812388,,,,,,,
9197,325,,,,,,,,
9198,325,,,,,,,,
9199,325,,,,,,,,
9200,325,,,,,,,,
9201,325,,,,,,,,
9202,325,,,,,,,,
9203,325,,,,,,,,
9204,325,,,,,,,,
9205,325,,,,,,,,
9206,325,,,,,,,,
9207,325,,,,,,,,
9208,325,,,,,,,,
9209,325,,,,,,,,
9210,325,,,,,,,,
9211,325,,,,,,,,
9212,325,,,,,,,,
9213,325,,,,,,,,
9214,325,,,,,,,,
9215,325,,,,,,,,
9216,325,,,,,,,,
9217,325,,,,,,,,
9218,325,,,,,,,,
9219,325,,,,,,,,
9220,325,,,,,,,,
9221,325,,,,,,,,
9222,325,,,,,,,,
9223,325,,0.0006786240010114852,,,,,,
9224,325,0.0015497890017286409,,,,,,,
9225,325,,,,,,,,
9226,325,,,,,,,,
9227,325,,,,,,,,
9228,325,,,,,,,,
9229,325,,,,,,,,
9230,325,,,,,,,,
9231,325,,,,,,,,
9232,325,,,,,,,,
9233,325,,,,,,,,
9234,325,,,,,,,,
9235,325,,,,,,,,
9236,325,,,,,,,,
9237,325,,,,,,,,
9238,325,,,,,,,,
9239,325,,,,,,,,
9240,325,,,,,,,,
9241,325,,,,,,,,
9242,325,,,,,,,,
9243,325,,,,,,,,
9244,325,,,,,,,,
9245,325,,,,,,,,
9246,325,,,,,,,,
9247,325,,,,,,,,
9248,325,,,,,,,,
9249,325,,,,,,,,
9250,325,,,,,,,,
9251,325,,0.0006471640008385293,,,,,,
9252,325,0.0015431840001838282,,,,,,,
9253,325,,,,,,,,
9254,325,,,,,,,,
9255,325,,,,,,,,
9256,325,,,,,,,,
9257,325,,,,,,,,
9258,325,,,,,,,,
9259,325,,,,,,,,
9260,325,,,,,,,,
9261,325,,,,,,,,
9262,325,,,,,,,,
9263,325,,,,,,,,
9264,325,,,,,,,,
9265,325,,,,,,,,
9266,325,,,,,,,,
9267,325,,,,,,,,
9268,325,,,,,,,,
9269,325,,,,,,,,
9270,325,,,,,,,,
9271,325,,,,,,,,
9272,325,,,,,,,,
9273,325,,,,,,,,
9274,325,,,,,,,,
9275,325,,,,,,,,
9276,325,,,,,,,,
9277,325,,,,,,,,
9278,325,,,,,,,,
9279,325,,0.0006060699997760821,,,,,,
9280,325,0.0015436710018548183,,,,,,,
9281,325,,,,,,,,
9282,325,,,,,,,,
9283,325,,,,,,,,
9284,325,,,,,,,,
9285,325,,,,,,,,
9286,325,,,,,,,,
9287,325,,,,,,,,
9288,325,,,,,,,,
9289,325,,,,,,,,
9290,325,,,,,,,,
9291,325,,,,,,,,
9292,325,,,,,,,,
9293,325,,,,,,,,
9294,325,,,,,,,,
9295,325,,,,,,,,
9296,325,,,,,,,,
9297,325,,,,,,,,
9298,325,,,,,,,,
9299,325,,,,,,,,
9300,325,,,,,,,,
9301,325,,,,,,,,
9302,325,,,,,,,,
9303,325,,,,,,,,
9304,325,,,,,,,,
9305,330,,,0.8188585607940446,0.9,1.5787500381469726,0.08500000834465027,1.5787500381469726,0.08500000834465027
9306,330,,,,,,,,
9307,330,,,,,,,,
9308,330,,0.0007599300006404519,,,,,,
9309,330,0.0016229089997068513,,,,,,,
9310,330,,,,,,,,
9311,330,,,,,,,,
9312,330,,,,,,,,
9313,330,,,,,,,,
9314,330,,,,,,,,
9315,330,,,,,,,,
9316,330,,,,,,,,
9317,330,,,,,,,,
9318,330,,,,,,,,
9319,330,,,,,,,,
9320,330,,,,,,,,
9321,330,,,,,,,,
9322,330,,,,,,,,
9323,330,,,,,,,,
9324,330,,,,,,,,
9325,330,,,,,,,,
9326,330,,,,,,,,
9327,330,,,,,,,,
9328,330,,,,,,,,
9329,330,,,,,,,,
9330,330,,,,,,,,
9331,330,,,,,,,,
9332,330,,,,,,,,
9333,330,,,,,,,,
9334,330,,,,,,,,
9335,330,,,,,,,,
9336,330,,0.0006359360013448168,,,,,,
9337,330,0.0014774820010643452,,,,,,,
9338,330,,,,,,,,
9339,330,,,,,,,,
9340,330,,,,,,,,
9341,330,,,,,,,,
9342,330,,,,,,,,
9343,330,,,,,,,,
9344,330,,,,,,,,
9345,330,,,,,,,,
9346,330,,,,,,,,
9347,330,,,,,,,,
9348,330,,,,,,,,
9349,330,,,,,,,,
9350,330,,,,,,,,
9351,330,,,,,,,,
9352,330,,,,,,,,
9353,330,,,,,,,,
9354,330,,,,,,,,
9355,330,,,,,,,,
9356,330,,,,,,,,
9357,330,,,,,,,,
9358,330,,,,,,,,
9359,330,,,,,,,,
9360,330,,,,,,,,
9361,330,,,,,,,,
9362,330,,,,,,,,
9363,330,,,,,,,,
9364,330,,0.0006491229978564661,,,,,,
9365,330,0.0016204909989028238,,,,,,,
9366,330,,,,,,,,
9367,330,,,,,,,,
9368,330,,,,,,,,
9369,330,,,,,,,,
9370,330,,,,,,,,
9371,330,,,,,,,,
9372,330,,,,,,,,
9373,330,,,,,,,,
9374,330,,,,,,,,
9375,330,,,,,,,,
9376,330,,,,,,,,
9377,330,,,,,,,,
9378,330,,,,,,,,
9379,330,,,,,,,,
9380,330,,,,,,,,
9381,330,,,,,,,,
9382,330,,,,,,,,
9383,330,,,,,,,,
9384,330,,,,,,,,
9385,330,,,,,,,,
9386,330,,,,,,,,
9387,330,,,,,,,,
9388,330,,,,,,,,
9389,330,,,,,,,,
9390,330,,,,,,,,
9391,330,,,,,,,,
9392,330,,0.0008480350006720982,,,,,,
9393,330,0.0017716020010993816,,,,,,,
9394,330,,,,,,,,
9395,330,,,,,,,,
9396,330,,,,,,,,
9397,330,,,,,,,,
9398,330,,,,,,,,
9399,330,,,,,,,,
9400,330,,,,,,,,
9401,330,,,,,,,,
9402,330,,,,,,,,
9403,330,,,,,,,,
9404,330,,,,,,,,
9405,330,,,,,,,,
9406,330,,,,,,,,
9407,330,,,,,,,,
9408,330,,,,,,,,
9409,330,,,,,,,,
9410,330,,,,,,,,
9411,330,,,,,,,,
9412,330,,,,,,,,
9413,330,,,,,,,,
9414,330,,,,,,,,
9415,330,,,,,,,,
9416,330,,,,,,,,
9417,330,,,,,,,,
9418,330,,,,,,,,
9419,330,,,,,,,,
9420,330,,0.0007450630000676028,,,,,,
9421,330,0.0016510909990756772,,,,,,,
9422,330,,,,,,,,
9423,330,,,,,,,,
9424,330,,,,,,,,
9425,330,,,,,,,,
9426,330,,,,,,,,
9427,330,,,,,,,,
9428,330,,,,,,,,
9429,330,,,,,,,,
9430,330,,,,,,,,
9431,330,,,,,,,,
9432,330,,,,,,,,
9433,330,,,,,,,,
9434,330,,,,,,,,
9435,330,,,,,,,,
9436,330,,,,,,,,
9437,330,,,,,,,,
9438,330,,,,,,,,
9439,330,,,,,,,,
9440,330,,,,,,,,
9441,330,,,,,,,,
9442,330,,,,,,,,
9443,330,,,,,,,,
9444,330,,,,,,,,
9445,330,,,,,,,,
9446,335,,,0.8312655086848635,1,1.600000023841858,0,1.600000023841858,0
9447,335,,,,,,,,
9448,335,,,,,,,,
9449,335,,0.000675391002005199,,,,,,
9450,335,0.001587874001415912,,,,,,,
9451,335,,,,,,,,
9452,335,,,,,,,,
9453,335,,,,,,,,
9454,335,,,,,,,,
9455,335,,,,,,,,
9456,335,,,,,,,,
9457,335,,,,,,,,
9458,335,,,,,,,,
9459,335,,,,,,,,
9460,335,,,,,,,,
9461,335,,,,,,,,
9462,335,,,,,,,,
9463,335,,,,,,,,
9464,335,,,,,,,,
9465,335,,,,,,,,
9466,335,,,,,,,,
9467,335,,,,,,,,
9468,335,,,,,,,,
9469,335,,,,,,,,
9470,335,,,,,,,,
9471,335,,,,,,,,
9472,335,,,,,,,,
9473,335,,,,,,,,
9474,335,,,,,,,,
9475,335,,,,,,,,
9476,335,,,,,,,,
9477,335,,0.0006411769973055925,,,,,,
9478,335,0.0014543920005962718,,,,,,,
9479,335,,,,,,,,
9480,335,,,,,,,,
9481,335,,,,,,,,
9482,335,,,,,,,,
9483,335,,,,,,,,
9484,335,,,,,,,,
9485,335,,,,,,,,
9486,335,,,,,,,,
9487,335,,,,,,,,
9488,335,,,,,,,,
9489,335,,,,,,,,
9490,335,,,,,,,,
9491,335,,,,,,,,
9492,335,,,,,,,,
9493,335,,,,,,,,
9494,335,,,,,,,,
9495,335,,,,,,,,
9496,335,,,,,,,,
9497,335,,,,,,,,
9498,335,,,,,,,,
9499,335,,,,,,,,
9500,335,,,,,,,,
9501,335,,,,,,,,
9502,335,,,,,,,,
9503,335,,,,,,,,
9504,335,,,,,,,,
9505,335,,0.0007703579976805486,,,,,,
9506,335,0.0016864229983184487,,,,,,,
9507,335,,,,,,,,
9508,335,,,,,,,,
9509,335,,,,,,,,
9510,335,,,,,,,,
9511,335,,,,,,,,
9512,335,,,,,,,,
9513,335,,,,,,,,
9514,335,,,,,,,,
9515,335,,,,,,,,
9516,335,,,,,,,,
9517,335,,,,,,,,
9518,335,,,,,,,,
9519,335,,,,,,,,
9520,335,,,,,,,,
9521,335,,,,,,,,
9522,335,,,,,,,,
9523,335,,,,,,,,
9524,335,,,,,,,,
9525,335,,,,,,,,
9526,335,,,,,,,,
9527,335,,,,,,,,
9528,335,,,,,,,,
9529,335,,,,,,,,
9530,335,,,,,,,,
9531,335,,,,,,,,
9532,335,,,,,,,,
9533,335,,0.0006593580001208466,,,,,,
9534,335,0.0014056280015211087,,,,,,,
9535,335,,,,,,,,
9536,335,,,,,,,,
9537,335,,,,,,,,
9538,335,,,,,,,,
9539,335,,,,,,,,
9540,335,,,,,,,,
9541,335,,,,,,,,
9542,335,,,,,,,,
9543,335,,,,,,,,
9544,335,,,,,,,,
9545,335,,,,,,,,
9546,335,,,,,,,,
9547,335,,,,,,,,
9548,335,,,,,,,,
9549,335,,,,,,,,
9550,335,,,,,,,,
9551,335,,,,,,,,
9552,335,,,,,,,,
9553,335,,,,,,,,
9554,335,,,,,,,,
9555,335,,,,,,,,
9556,335,,,,,,,,
9557,335,,,,,,,,
9558,335,,,,,,,,
9559,335,,,,,,,,
9560,335,,,,,,,,
9561,335,,0.0006608360017708037,,,,,,
9562,335,0.0015123350021895021,,,,,,,
9563,335,,,,,,,,
9564,335,,,,,,,,
9565,335,,,,,,,,
9566,335,,,,,,,,
9567,335,,,,,,,,
9568,335,,,,,,,,
9569,335,,,,,,,,
9570,335,,,,,,,,
9571,335,,,,,,,,
9572,335,,,,,,,,
9573,335,,,,,,,,
9574,335,,,,,,,,
9575,335,,,,,,,,
9576,335,,,,,,,,
9577,335,,,,,,,,
9578,335,,,,,,,,
9579,335,,,,,,,,
9580,335,,,,,,,,
9581,335,,,,,,,,
9582,335,,,,,,,,
9583,335,,,,,,,,
9584,335,,,,,,,,
9585,335,,,,,,,,
9586,335,,,,,,,,
9587,340,,,0.8436724565756824,1,1.600000023841858,0,1.600000023841858,0
9588,340,,,,,,,,
9589,340,,,,,,,,
9590,340,,0.000668644999677781,,,,,,
9591,340,0.001509445999545278,,,,,,,
9592,340,,,,,,,,
9593,340,,,,,,,,
9594,340,,,,,,,,
9595,340,,,,,,,,
9596,340,,,,,,,,
9597,340,,,,,,,,
9598,340,,,,,,,,
9599,340,,,,,,,,
9600,340,,,,,,,,
9601,340,,,,,,,,
9602,340,,,,,,,,
9603,340,,,,,,,,
9604,340,,,,,,,,
9605,340,,,,,,,,
9606,340,,,,,,,,
9607,340,,,,,,,,
9608,340,,,,,,,,
9609,340,,,,,,,,
9610,340,,,,,,,,
9611,340,,,,,,,,
9612,340,,,,,,,,
9613,340,,,,,,,,
9614,340,,,,,,,,
9615,340,,,,,,,,
9616,340,,,,,,,,
9617,340,,,,,,,,
9618,340,,0.0006362029998854268,,,,,,
9619,340,0.001502240000263555,,,,,,,
9620,340,,,,,,,,
9621,340,,,,,,,,
9622,340,,,,,,,,
9623,340,,,,,,,,
9624,340,,,,,,,,
9625,340,,,,,,,,
9626,340,,,,,,,,
9627,340,,,,,,,,
9628,340,,,,,,,,
9629,340,,,,,,,,
9630,340,,,,,,,,
9631,340,,,,,,,,
9632,340,,,,,,,,
9633,340,,,,,,,,
9634,340,,,,,,,,
9635,340,,,,,,,,
9636,340,,,,,,,,
9637,340,,,,,,,,
9638,340,,,,,,,,
9639,340,,,,,,,,
9640,340,,,,,,,,
9641,340,,,,,,,,
9642,340,,,,,,,,
9643,340,,,,,,,,
9644,340,,,,,,,,
9645,340,,,,,,,,
9646,340,,0.0008041539986152202,,,,,,
9647,340,0.0019222190021537244,,,,,,,
9648,340,,,,,,,,
9649,340,,,,,,,,
9650,340,,,,,,,,
9651,340,,,,,,,,
9652,340,,,,,,,,
9653,340,,,,,,,,
9654,340,,,,,,,,
9655,340,,,,,,,,
9656,340,,,,,,,,
9657,340,,,,,,,,
9658,340,,,,,,,,
9659,340,,,,,,,,
9660,340,,,,,,,,
9661,340,,,,,,,,
9662,340,,,,,,,,
9663,340,,,,,,,,
9664,340,,,,,,,,
9665,340,,,,,,,,
9666,340,,,,,,,,
9667,340,,,,,,,,
9668,340,,,,,,,,
9669,340,,,,,,,,
9670,340,,,,,,,,
9671,340,,,,,,,,
9672,340,,,,,,,,
9673,340,,,,,,,,
9674,340,,0.0006210720021044835,,,,,,
9675,340,0.0015218109983834438,,,,,,,
9676,340,,,,,,,,
9677,340,,,,,,,,
9678,340,,,,,,,,
9679,340,,,,,,,,
9680,340,,,,,,,,
9681,340,,,,,,,,
9682,340,,,,,,,,
9683,340,,,,,,,,
9684,340,,,,,,,,
9685,340,,,,,,,,
9686,340,,,,,,,,
9687,340,,,,,,,,
9688,340,,,,,,,,
9689,340,,,,,,,,
9690,340,,,,,,,,
9691,340,,,,,,,,
9692,340,,,,,,,,
9693,340,,,,,,,,
9694,340,,,,,,,,
9695,340,,,,,,,,
9696,340,,,,,,,,
9697,340,,,,,,,,
9698,340,,,,,,,,
9699,340,,,,,,,,
9700,340,,,,,,,,
9701,340,,,,,,,,
9702,340,,0.0007649520011909772,,,,,,
9703,340,0.0016218290002143476,,,,,,,
9704,340,,,,,,,,
9705,340,,,,,,,,
9706,340,,,,,,,,
9707,340,,,,,,,,
9708,340,,,,,,,,
9709,340,,,,,,,,
9710,340,,,,,,,,
9711,340,,,,,,,,
9712,340,,,,,,,,
9713,340,,,,,,,,
9714,340,,,,,,,,
9715,340,,,,,,,,
9716,340,,,,,,,,
9717,340,,,,,,,,
9718,340,,,,,,,,
9719,340,,,,,,,,
9720,340,,,,,,,,
9721,340,,,,,,,,
9722,340,,,,,,,,
9723,340,,,,,,,,
9724,340,,,,,,,,
9725,340,,,,,,,,
9726,340,,,,,,,,
9727,340,,,,,,,,
9728,345,,,0.8560794044665012,1,1.600000023841858,0,1.600000023841858,0
9729,345,,,,,,,,
9730,345,,,,,,,,
9731,345,,0.0006989700013946276,,,,,,
9732,345,0.0014936080006009433,,,,,,,
9733,345,,,,,,,,
9734,345,,,,,,,,
9735,345,,,,,,,,
9736,345,,,,,,,,
9737,345,,,,,,,,
9738,345,,,,,,,,
9739,345,,,,,,,,
9740,345,,,,,,,,
9741,345,,,,,,,,
9742,345,,,,,,,,
9743,345,,,,,,,,
9744,345,,,,,,,,
9745,345,,,,,,,,
9746,345,,,,,,,,
9747,345,,,,,,,,
9748,345,,,,,,,,
9749,345,,,,,,,,
9750,345,,,,,,,,
9751,345,,,,,,,,
9752,345,,,,,,,,
9753,345,,,,,,,,
9754,345,,,,,,,,
9755,345,,,,,,,,
9756,345,,,,,,,,
9757,345,,,,,,,,
9758,345,,,,,,,,
9759,345,,0.000637417000689311,,,,,,
9760,345,0.0014818979980191216,,,,,,,
9761,345,,,,,,,,
9762,345,,,,,,,,
9763,345,,,,,,,,
9764,345,,,,,,,,
9765,345,,,,,,,,
9766,345,,,,,,,,
9767,345,,,,,,,,
9768,345,,,,,,,,
9769,345,,,,,,,,
9770,345,,,,,,,,
9771,345,,,,,,,,
9772,345,,,,,,,,
9773,345,,,,,,,,
9774,345,,,,,,,,
9775,345,,,,,,,,
9776,345,,,,,,,,
9777,345,,,,,,,,
9778,345,,,,,,,,
9779,345,,,,,,,,
9780,345,,,,,,,,
9781,345,,,,,,,,
9782,345,,,,,,,,
9783,345,,,,,,,,
9784,345,,,,,,,,
9785,345,,,,,,,,
9786,345,,,,,,,,
9787,345,,0.0006739689997630194,,,,,,
9788,345,0.0016591240018897224,,,,,,,
9789,345,,,,,,,,
9790,345,,,,,,,,
9791,345,,,,,,,,
9792,345,,,,,,,,
9793,345,,,,,,,,
9794,345,,,,,,,,
9795,345,,,,,,,,
9796,345,,,,,,,,
9797,345,,,,,,,,
9798,345,,,,,,,,
9799,345,,,,,,,,
9800,345,,,,,,,,
9801,345,,,,,,,,
9802,345,,,,,,,,
9803,345,,,,,,,,
9804,345,,,,,,,,
9805,345,,,,,,,,
9806,345,,,,,,,,
9807,345,,,,,,,,
9808,345,,,,,,,,
9809,345,,,,,,,,
9810,345,,,,,,,,
9811,345,,,,,,,,
9812,345,,,,,,,,
9813,345,,,,,,,,
9814,345,,,,,,,,
9815,345,,0.0006989450012042653,,,,,,
9816,345,0.0015936120034893975,,,,,,,
9817,345,,,,,,,,
9818,345,,,,,,,,
9819,345,,,,,,,,
9820,345,,,,,,,,
9821,345,,,,,,,,
9822,345,,,,,,,,
9823,345,,,,,,,,
9824,345,,,,,,,,
9825,345,,,,,,,,
9826,345,,,,,,,,
9827,345,,,,,,,,
9828,345,,,,,,,,
9829,345,,,,,,,,
9830,345,,,,,,,,
9831,345,,,,,,,,
9832,345,,,,,,,,
9833,345,,,,,,,,
9834,345,,,,,,,,
9835,345,,,,,,,,
9836,345,,,,,,,,
9837,345,,,,,,,,
9838,345,,,,,,,,
9839,345,,,,,,,,
9840,345,,,,,,,,
9841,345,,,,,,,,
9842,345,,,,,,,,
9843,345,,0.0006601089989999309,,,,,,
9844,345,0.0015436690009664744,,,,,,,
9845,345,,,,,,,,
9846,345,,,,,,,,
9847,345,,,,,,,,
9848,345,,,,,,,,
9849,345,,,,,,,,
9850,345,,,,,,,,
9851,345,,,,,,,,
9852,345,,,,,,,,
9853,345,,,,,,,,
9854,345,,,,,,,,
9855,345,,,,,,,,
9856,345,,,,,,,,
9857,345,,,,,,,,
9858,345,,,,,,,,
9859,345,,,,,,,,
9860,345,,,,,,,,
9861,345,,,,,,,,
9862,345,,,,,,,,
9863,345,,,,,,,,
9864,345,,,,,,,,
9865,345,,,,,,,,
9866,345,,,,,,,,
9867,345,,,,,,,,
9868,345,,,,,,,,
9869,350,,,0.8684863523573201,1,1.600000023841858,0,1.600000023841858,0
9870,350,,,,,,,,
9871,350,,,,,,,,
9872,350,,0.0006387920002453029,,,,,,
9873,350,0.0014205100014805794,,,,,,,
9874,350,,,,,,,,
9875,350,,,,,,,,
9876,350,,,,,,,,
9877,350,,,,,,,,
9878,350,,,,,,,,
9879,350,,,,,,,,
9880,350,,,,,,,,
9881,350,,,,,,,,
9882,350,,,,,,,,
9883,350,,,,,,,,
9884,350,,,,,,,,
9885,350,,,,,,,,
9886,350,,,,,,,,
9887,350,,,,,,,,
9888,350,,,,,,,,
9889,350,,,,,,,,
9890,350,,,,,,,,
9891,350,,,,,,,,
9892,350,,,,,,,,
9893,350,,,,,,,,
9894,350,,,,,,,,
9895,350,,,,,,,,
9896,350,,,,,,,,
9897,350,,,,,,,,
9898,350,,,,,,,,
9899,350,,,,,,,,
9900,350,,0.0006599449989153072,,,,,,
9901,350,0.00155776099927607,,,,,,,
9902,350,,,,,,,,
9903,350,,,,,,,,
9904,350,,,,,,,,
9905,350,,,,,,,,
9906,350,,,,,,,,
9907,350,,,,,,,,
9908,350,,,,,,,,
9909,350,,,,,,,,
9910,350,,,,,,,,
9911,350,,,,,,,,
9912,350,,,,,,,,
9913,350,,,,,,,,
9914,350,,,,,,,,
9915,350,,,,,,,,
9916,350,,,,,,,,
9917,350,,,,,,,,
9918,350,,,,,,,,
9919,350,,,,,,,,
9920,350,,,,,,,,
9921,350,,,,,,,,
9922,350,,,,,,,,
9923,350,,,,,,,,
9924,350,,,,,,,,
9925,350,,,,,,,,
9926,350,,,,,,,,
9927,350,,,,,,,,
9928,350,,0.0006423300001188181,,,,,,
9929,350,0.0015356219992099795,,,,,,,
9930,350,,,,,,,,
9931,350,,,,,,,,
9932,350,,,,,,,,
9933,350,,,,,,,,
9934,350,,,,,,,,
9935,350,,,,,,,,
9936,350,,,,,,,,
9937,350,,,,,,,,
9938,350,,,,,,,,
9939,350,,,,,,,,
9940,350,,,,,,,,
9941,350,,,,,,,,
9942,350,,,,,,,,
9943,350,,,,,,,,
9944,350,,,,,,,,
9945,350,,,,,,,,
9946,350,,,,,,,,
9947,350,,,,,,,,
9948,350,,,,,,,,
9949,350,,,,,,,,
9950,350,,,,,,,,
9951,350,,,,,,,,
9952,350,,,,,,,,
9953,350,,,,,,,,
9954,350,,,,,,,,
9955,350,,,,,,,,
9956,350,,0.0006533240011776797,,,,,,
9957,350,0.0014554379995388445,,,,,,,
9958,350,,,,,,,,
9959,350,,,,,,,,
9960,350,,,,,,,,
9961,350,,,,,,,,
9962,350,,,,,,,,
9963,350,,,,,,,,
9964,350,,,,,,,,
9965,350,,,,,,,,
9966,350,,,,,,,,
9967,350,,,,,,,,
9968,350,,,,,,,,
9969,350,,,,,,,,
9970,350,,,,,,,,
9971,350,,,,,,,,
9972,350,,,,,,,,
9973,350,,,,,,,,
9974,350,,,,,,,,
9975,350,,,,,,,,
9976,350,,,,,,,,
9977,350,,,,,,,,
9978,350,,,,,,,,
9979,350,,,,,,,,
9980,350,,,,,,,,
9981,350,,,,,,,,
9982,350,,,,,,,,
9983,350,,,,,,,,
9984,350,,0.0006665110013273079,,,,,,
9985,350,0.0014240260024962481,,,,,,,
9986,350,,,,,,,,
9987,350,,,,,,,,
9988,350,,,,,,,,
9989,350,,,,,,,,
9990,350,,,,,,,,
9991,350,,,,,,,,
9992,350,,,,,,,,
9993,350,,,,,,,,
9994,350,,,,,,,,
9995,350,,,,,,,,
9996,350,,,,,,,,
9997,350,,,,,,,,
9998,350,,,,,,,,
9999,350,,,,,,,,
10000,350,,,,,,,,
10001,350,,,,,,,,
10002,350,,,,,,,,
10003,350,,,,,,,,
10004,350,,,,,,,,
10005,350,,,,,,,,
10006,350,,,,,,,,
10007,350,,,,,,,,
10008,350,,,,,,,,
10009,350,,,,,,,,
10010,355,,,0.8808933002481389,1,1.600000023841858,0,1.600000023841858,0
10011,355,,,,,,,,
10012,355,,,,,,,,
10013,355,,0.0008032119985728059,,,,,,
10014,355,0.0017942160011443775,,,,,,,
10015,355,,,,,,,,
10016,355,,,,,,,,
10017,355,,,,,,,,
10018,355,,,,,,,,
10019,355,,,,,,,,
10020,355,,,,,,,,
10021,355,,,,,,,,
10022,355,,,,,,,,
10023,355,,,,,,,,
10024,355,,,,,,,,
10025,355,,,,,,,,
10026,355,,,,,,,,
10027,355,,,,,,,,
10028,355,,,,,,,,
10029,355,,,,,,,,
10030,355,,,,,,,,
10031,355,,,,,,,,
10032,355,,,,,,,,
10033,355,,,,,,,,
10034,355,,,,,,,,
10035,355,,,,,,,,
10036,355,,,,,,,,
10037,355,,,,,,,,
10038,355,,,,,,,,
10039,355,,,,,,,,
10040,355,,,,,,,,
10041,355,,0.0006988630011619534,,,,,,
10042,355,0.0015721259987913072,,,,,,,
10043,355,,,,,,,,
10044,355,,,,,,,,
10045,355,,,,,,,,
10046,355,,,,,,,,
10047,355,,,,,,,,
10048,355,,,,,,,,
10049,355,,,,,,,,
10050,355,,,,,,,,
10051,355,,,,,,,,
10052,355,,,,,,,,
10053,355,,,,,,,,
10054,355,,,,,,,,
10055,355,,,,,,,,
10056,355,,,,,,,,
10057,355,,,,,,,,
10058,355,,,,,,,,
10059,355,,,,,,,,
10060,355,,,,,,,,
10061,355,,,,,,,,
10062,355,,,,,,,,
10063,355,,,,,,,,
10064,355,,,,,,,,
10065,355,,,,,,,,
10066,355,,,,,,,,
10067,355,,,,,,,,
10068,355,,,,,,,,
10069,355,,0.0006346800000756048,,,,,,
10070,355,0.0014624989998992532,,,,,,,
10071,355,,,,,,,,
10072,355,,,,,,,,
10073,355,,,,,,,,
10074,355,,,,,,,,
10075,355,,,,,,,,
10076,355,,,,,,,,
10077,355,,,,,,,,
10078,355,,,,,,,,
10079,355,,,,,,,,
10080,355,,,,,,,,
10081,355,,,,,,,,
10082,355,,,,,,,,
10083,355,,,,,,,,
10084,355,,,,,,,,
10085,355,,,,,,,,
10086,355,,,,,,,,
10087,355,,,,,,,,
10088,355,,,,,,,,
10089,355,,,,,,,,
10090,355,,,,,,,,
10091,355,,,,,,,,
10092,355,,,,,,,,
10093,355,,,,,,,,
10094,355,,,,,,,,
10095,355,,,,,,,,
10096,355,,,,,,,,
10097,355,,0.0006637900005443953,,,,,,
10098,355,0.0014946610026527196,,,,,,,
10099,355,,,,,,,,
10100,355,,,,,,,,
10101,355,,,,,,,,
10102,355,,,,,,,,
10103,355,,,,,,,,
10104,355,,,,,,,,
10105,355,,,,,,,,
10106,355,,,,,,,,
10107,355,,,,,,,,
10108,355,,,,,,,,
10109,355,,,,,,,,
10110,355,,,,,,,,
10111,355,,,,,,,,
10112,355,,,,,,,,
10113,355,,,,,,,,
10114,355,,,,,,,,
10115,355,,,,,,,,
10116,355,,,,,,,,
10117,355,,,,,,,,
10118,355,,,,,,,,
10119,355,,,,,,,,
10120,355,,,,,,,,
10121,355,,,,,,,,
10122,355,,,,,,,,
10123,355,,,,,,,,
10124,355,,,,,,,,
10125,355,,0.0007437329986714758,,,,,,
10126,355,0.0016020770017348696,,,,,,,
10127,355,,,,,,,,
10128,355,,,,,,,,
10129,355,,,,,,,,
10130,355,,,,,,,,
10131,355,,,,,,,,
10132,355,,,,,,,,
10133,355,,,,,,,,
10134,355,,,,,,,,
10135,355,,,,,,,,
10136,355,,,,,,,,
10137,355,,,,,,,,
10138,355,,,,,,,,
10139,355,,,,,,,,
10140,355,,,,,,,,
10141,355,,,,,,,,
10142,355,,,,,,,,
10143,355,,,,,,,,
10144,355,,,,,,,,
10145,355,,,,,,,,
10146,355,,,,,,,,
10147,355,,,,,,,,
10148,355,,,,,,,,
10149,355,,,,,,,,
10150,355,,,,,,,,
10151,360,,,0.8933002481389578,1,1.600000023841858,0,1.600000023841858,0
10152,360,,,,,,,,
10153,360,,,,,,,,
10154,360,,0.0006546990007336717,,,,,,
10155,360,0.0015904959982435685,,,,,,,
10156,360,,,,,,,,
10157,360,,,,,,,,
10158,360,,,,,,,,
10159,360,,,,,,,,
10160,360,,,,,,,,
10161,360,,,,,,,,
10162,360,,,,,,,,
10163,360,,,,,,,,
10164,360,,,,,,,,
10165,360,,,,,,,,
10166,360,,,,,,,,
10167,360,,,,,,,,
10168,360,,,,,,,,
10169,360,,,,,,,,
10170,360,,,,,,,,
10171,360,,,,,,,,
10172,360,,,,,,,,
10173,360,,,,,,,,
10174,360,,,,,,,,
10175,360,,,,,,,,
10176,360,,,,,,,,
10177,360,,,,,,,,
10178,360,,,,,,,,
10179,360,,,,,,,,
10180,360,,,,,,,,
10181,360,,,,,,,,
10182,360,,0.0007719149980403017,,,,,,
10183,360,0.0015932839996821713,,,,,,,
10184,360,,,,,,,,
10185,360,,,,,,,,
10186,360,,,,,,,,
10187,360,,,,,,,,
10188,360,,,,,,,,
10189,360,,,,,,,,
10190,360,,,,,,,,
10191,360,,,,,,,,
10192,360,,,,,,,,
10193,360,,,,,,,,
10194,360,,,,,,,,
10195,360,,,,,,,,
10196,360,,,,,,,,
10197,360,,,,,,,,
10198,360,,,,,,,,
10199,360,,,,,,,,
10200,360,,,,,,,,
10201,360,,,,,,,,
10202,360,,,,,,,,
10203,360,,,,,,,,
10204,360,,,,,,,,
10205,360,,,,,,,,
10206,360,,,,,,,,
10207,360,,,,,,,,
10208,360,,,,,,,,
10209,360,,,,,,,,
10210,360,,0.0006637369988311548,,,,,,
10211,360,0.0015812639976502396,,,,,,,
10212,360,,,,,,,,
10213,360,,,,,,,,
10214,360,,,,,,,,
10215,360,,,,,,,,
10216,360,,,,,,,,
10217,360,,,,,,,,
10218,360,,,,,,,,
10219,360,,,,,,,,
10220,360,,,,,,,,
10221,360,,,,,,,,
10222,360,,,,,,,,
10223,360,,,,,,,,
10224,360,,,,,,,,
10225,360,,,,,,,,
10226,360,,,,,,,,
10227,360,,,,,,,,
10228,360,,,,,,,,
10229,360,,,,,,,,
10230,360,,,,,,,,
10231,360,,,,,,,,
10232,360,,,,,,,,
10233,360,,,,,,,,
10234,360,,,,,,,,
10235,360,,,,,,,,
10236,360,,,,,,,,
10237,360,,,,,,,,
10238,360,,0.0006596069979423191,,,,,,
10239,360,0.0014761279999220278,,,,,,,
10240,360,,,,,,,,
10241,360,,,,,,,,
10242,360,,,,,,,,
10243,360,,,,,,,,
10244,360,,,,,,,,
10245,360,,,,,,,,
10246,360,,,,,,,,
10247,360,,,,,,,,
10248,360,,,,,,,,
10249,360,,,,,,,,
10250,360,,,,,,,,
10251,360,,,,,,,,
10252,360,,,,,,,,
10253,360,,,,,,,,
10254,360,,,,,,,,
10255,360,,,,,,,,
10256,360,,,,,,,,
10257,360,,,,,,,,
10258,360,,,,,,,,
10259,360,,,,,,,,
10260,360,,,,,,,,
10261,360,,,,,,,,
10262,360,,,,,,,,
10263,360,,,,,,,,
10264,360,,,,,,,,
10265,360,,,,,,,,
10266,360,,0.0006637850019615144,,,,,,
10267,360,0.0014886910030327272,,,,,,,
10268,360,,,,,,,,
10269,360,,,,,,,,
10270,360,,,,,,,,
10271,360,,,,,,,,
10272,360,,,,,,,,
10273,360,,,,,,,,
10274,360,,,,,,,,
10275,360,,,,,,,,
10276,360,,,,,,,,
10277,360,,,,,,,,
10278,360,,,,,,,,
10279,360,,,,,,,,
10280,360,,,,,,,,
10281,360,,,,,,,,
10282,360,,,,,,,,
10283,360,,,,,,,,
10284,360,,,,,,,,
10285,360,,,,,,,,
10286,360,,,,,,,,
10287,360,,,,,,,,
10288,360,,,,,,,,
10289,360,,,,,,,,
10290,360,,,,,,,,
10291,360,,,,,,,,
10292,365,,,0.9057071960297767,0.9,1.5575000286102294,0.11613211631774903,1.5575000286102294,0.11613211631774903
10293,365,,,,,,,,
10294,365,,,,,,,,
10295,365,,0.0006634159981331322,,,,,,
10296,365,0.0015144259996304754,,,,,,,
10297,365,,,,,,,,
10298,365,,,,,,,,
10299,365,,,,,,,,
10300,365,,,,,,,,
10301,365,,,,,,,,
10302,365,,,,,,,,
10303,365,,,,,,,,
10304,365,,,,,,,,
10305,365,,,,,,,,
10306,365,,,,,,,,
10307,365,,,,,,,,
10308,365,,,,,,,,
10309,365,,,,,,,,
10310,365,,,,,,,,
10311,365,,,,,,,,
10312,365,,,,,,,,
10313,365,,,,,,,,
10314,365,,,,,,,,
10315,365,,,,,,,,
10316,365,,,,,,,,
10317,365,,,,,,,,
10318,365,,,,,,,,
10319,365,,,,,,,,
10320,365,,,,,,,,
10321,365,,,,,,,,
10322,365,,,,,,,,
10323,365,,0.0006940210005268455,,,,,,
10324,365,0.0016153489996213466,,,,,,,
10325,365,,,,,,,,
10326,365,,,,,,,,
10327,365,,,,,,,,
10328,365,,,,,,,,
10329,365,,,,,,,,
10330,365,,,,,,,,
10331,365,,,,,,,,
10332,365,,,,,,,,
10333,365,,,,,,,,
10334,365,,,,,,,,
10335,365,,,,,,,,
10336,365,,,,,,,,
10337,365,,,,,,,,
10338,365,,,,,,,,
10339,365,,,,,,,,
10340,365,,,,,,,,
10341,365,,,,,,,,
10342,365,,,,,,,,
10343,365,,,,,,,,
10344,365,,,,,,,,
10345,365,,,,,,,,
10346,365,,,,,,,,
10347,365,,,,,,,,
10348,365,,,,,,,,
10349,365,,,,,,,,
10350,365,,,,,,,,
10351,365,,0.0006918459985172376,,,,,,
10352,365,0.0015222000001813285,,,,,,,
10353,365,,,,,,,,
10354,365,,,,,,,,
10355,365,,,,,,,,
10356,365,,,,,,,,
10357,365,,,,,,,,
10358,365,,,,,,,,
10359,365,,,,,,,,
10360,365,,,,,,,,
10361,365,,,,,,,,
10362,365,,,,,,,,
10363,365,,,,,,,,
10364,365,,,,,,,,
10365,365,,,,,,,,
10366,365,,,,,,,,
10367,365,,,,,,,,
10368,365,,,,,,,,
10369,365,,,,,,,,
10370,365,,,,,,,,
10371,365,,,,,,,,
10372,365,,,,,,,,
10373,365,,,,,,,,
10374,365,,,,,,,,
10375,365,,,,,,,,
10376,365,,,,,,,,
10377,365,,,,,,,,
10378,365,,,,,,,,
10379,365,,0.0007277130025613587,,,,,,
10380,365,0.0017964359976758715,,,,,,,
10381,365,,,,,,,,
10382,365,,,,,,,,
10383,365,,,,,,,,
10384,365,,,,,,,,
10385,365,,,,,,,,
10386,365,,,,,,,,
10387,365,,,,,,,,
10388,365,,,,,,,,
10389,365,,,,,,,,
10390,365,,,,,,,,
10391,365,,,,,,,,
10392,365,,,,,,,,
10393,365,,,,,,,,
10394,365,,,,,,,,
10395,365,,,,,,,,
10396,365,,,,,,,,
10397,365,,,,,,,,
10398,365,,,,,,,,
10399,365,,,,,,,,
10400,365,,,,,,,,
10401,365,,,,,,,,
10402,365,,,,,,,,
10403,365,,,,,,,,
10404,365,,,,,,,,
10405,365,,,,,,,,
10406,365,,,,,,,,
10407,365,,0.0006338200000755023,,,,,,
10408,365,0.001465211000322597,,,,,,,
10409,365,,,,,,,,
10410,365,,,,,,,,
10411,365,,,,,,,,
10412,365,,,,,,,,
10413,365,,,,,,,,
10414,365,,,,,,,,
10415,365,,,,,,,,
10416,365,,,,,,,,
10417,365,,,,,,,,
10418,365,,,,,,,,
10419,365,,,,,,,,
10420,365,,,,,,,,
10421,365,,,,,,,,
10422,365,,,,,,,,
10423,365,,,,,,,,
10424,365,,,,,,,,
10425,365,,,,,,,,
10426,365,,,,,,,,
10427,365,,,,,,,,
10428,365,,,,,,,,
10429,365,,,,,,,,
10430,365,,,,,,,,
10431,365,,,,,,,,
10432,365,,,,,,,,
10433,370,,,0.9181141439205955,1,1.600000023841858,0,1.600000023841858,0
10434,370,,,,,,,,
10435,370,,,,,,,,
10436,370,,0.000651025002298411,,,,,,
10437,370,0.001448856000934029,,,,,,,
10438,370,,,,,,,,
10439,370,,,,,,,,
10440,370,,,,,,,,
10441,370,,,,,,,,
10442,370,,,,,,,,
10443,370,,,,,,,,
10444,370,,,,,,,,
10445,370,,,,,,,,
10446,370,,,,,,,,
10447,370,,,,,,,,
10448,370,,,,,,,,
10449,370,,,,,,,,
10450,370,,,,,,,,
10451,370,,,,,,,,
10452,370,,,,,,,,
10453,370,,,,,,,,
10454,370,,,,,,,,
10455,370,,,,,,,,
10456,370,,,,,,,,
10457,370,,,,,,,,
10458,370,,,,,,,,
10459,370,,,,,,,,
10460,370,,,,,,,,
10461,370,,,,,,,,
10462,370,,,,,,,,
10463,370,,,,,,,,
10464,370,,0.0006845360003353562,,,,,,
10465,370,0.001589559000422014,,,,,,,
10466,370,,,,,,,,
10467,370,,,,,,,,
10468,370,,,,,,,,
10469,370,,,,,,,,
10470,370,,,,,,,,
10471,370,,,,,,,,
10472,370,,,,,,,,
10473,370,,,,,,,,
10474,370,,,,,,,,
10475,370,,,,,,,,
10476,370,,,,,,,,
10477,370,,,,,,,,
10478,370,,,,,,,,
10479,370,,,,,,,,
10480,370,,,,,,,,
10481,370,,,,,,,,
10482,370,,,,,,,,
10483,370,,,,,,,,
10484,370,,,,,,,,
10485,370,,,,,,,,
10486,370,,,,,,,,
10487,370,,,,,,,,
10488,370,,,,,,,,
10489,370,,,,,,,,
10490,370,,,,,,,,
10491,370,,,,,,,,
10492,370,,0.0006641750005655922,,,,,,
10493,370,0.0015352849986811634,,,,,,,
10494,370,,,,,,,,
10495,370,,,,,,,,
10496,370,,,,,,,,
10497,370,,,,,,,,
10498,370,,,,,,,,
10499,370,,,,,,,,
10500,370,,,,,,,,
10501,370,,,,,,,,
10502,370,,,,,,,,
10503,370,,,,,,,,
10504,370,,,,,,,,
10505,370,,,,,,,,
10506,370,,,,,,,,
10507,370,,,,,,,,
10508,370,,,,,,,,
10509,370,,,,,,,,
10510,370,,,,,,,,
10511,370,,,,,,,,
10512,370,,,,,,,,
10513,370,,,,,,,,
10514,370,,,,,,,,
10515,370,,,,,,,,
10516,370,,,,,,,,
10517,370,,,,,,,,
10518,370,,,,,,,,
10519,370,,,,,,,,
10520,370,,0.0006483040015154984,,,,,,
10521,370,0.0014668299991171807,,,,,,,
10522,370,,,,,,,,
10523,370,,,,,,,,
10524,370,,,,,,,,
10525,370,,,,,,,,
10526,370,,,,,,,,
10527,370,,,,,,,,
10528,370,,,,,,,,
10529,370,,,,,,,,
10530,370,,,,,,,,
10531,370,,,,,,,,
10532,370,,,,,,,,
10533,370,,,,,,,,
10534,370,,,,,,,,
10535,370,,,,,,,,
10536,370,,,,,,,,
10537,370,,,,,,,,
10538,370,,,,,,,,
10539,370,,,,,,,,
10540,370,,,,,,,,
10541,370,,,,,,,,
10542,370,,,,,,,,
10543,370,,,,,,,,
10544,370,,,,,,,,
10545,370,,,,,,,,
10546,370,,,,,,,,
10547,370,,,,,,,,
10548,370,,0.0006938559999980498,,,,,,
10549,370,0.0014997750004113186,,,,,,,
10550,370,,,,,,,,
10551,370,,,,,,,,
10552,370,,,,,,,,
10553,370,,,,,,,,
10554,370,,,,,,,,
10555,370,,,,,,,,
10556,370,,,,,,,,
10557,370,,,,,,,,
10558,370,,,,,,,,
10559,370,,,,,,,,
10560,370,,,,,,,,
10561,370,,,,,,,,
10562,370,,,,,,,,
10563,370,,,,,,,,
10564,370,,,,,,,,
10565,370,,,,,,,,
10566,370,,,,,,,,
10567,370,,,,,,,,
10568,370,,,,,,,,
10569,370,,,,,,,,
10570,370,,,,,,,,
10571,370,,,,,,,,
10572,370,,,,,,,,
10573,370,,,,,,,,
10574,375,,,0.9305210918114144,1,1.600000023841858,0,1.600000023841858,0
10575,375,,,,,,,,
10576,375,,,,,,,,
10577,375,,0.0006396249991666991,,,,,,
10578,375,0.0014434000004257541,,,,,,,
10579,375,,,,,,,,
10580,375,,,,,,,,
10581,375,,,,,,,,
10582,375,,,,,,,,
10583,375,,,,,,,,
10584,375,,,,,,,,
10585,375,,,,,,,,
10586,375,,,,,,,,
10587,375,,,,,,,,
10588,375,,,,,,,,
10589,375,,,,,,,,
10590,375,,,,,,,,
10591,375,,,,,,,,
10592,375,,,,,,,,
10593,375,,,,,,,,
10594,375,,,,,,,,
10595,375,,,,,,,,
10596,375,,,,,,,,
10597,375,,,,,,,,
10598,375,,,,,,,,
10599,375,,,,,,,,
10600,375,,,,,,,,
10601,375,,,,,,,,
10602,375,,,,,,,,
10603,375,,,,,,,,
10604,375,,,,,,,,
10605,375,,0.0007286260006367229,,,,,,
10606,375,0.001691975998255657,,,,,,,
10607,375,,,,,,,,
10608,375,,,,,,,,
10609,375,,,,,,,,
10610,375,,,,,,,,
10611,375,,,,,,,,
10612,375,,,,,,,,
10613,375,,,,,,,,
10614,375,,,,,,,,
10615,375,,,,,,,,
10616,375,,,,,,,,
10617,375,,,,,,,,
10618,375,,,,,,,,
10619,375,,,,,,,,
10620,375,,,,,,,,
10621,375,,,,,,,,
10622,375,,,,,,,,
10623,375,,,,,,,,
10624,375,,,,,,,,
10625,375,,,,,,,,
10626,375,,,,,,,,
10627,375,,,,,,,,
10628,375,,,,,,,,
10629,375,,,,,,,,
10630,375,,,,,,,,
10631,375,,,,,,,,
10632,375,,,,,,,,
10633,375,,0.0006548759993165731,,,,,,
10634,375,0.0015278959981515072,,,,,,,
10635,375,,,,,,,,
10636,375,,,,,,,,
10637,375,,,,,,,,
10638,375,,,,,,,,
10639,375,,,,,,,,
10640,375,,,,,,,,
10641,375,,,,,,,,
10642,375,,,,,,,,
10643,375,,,,,,,,
10644,375,,,,,,,,
10645,375,,,,,,,,
10646,375,,,,,,,,
10647,375,,,,,,,,
10648,375,,,,,,,,
10649,375,,,,,,,,
10650,375,,,,,,,,
10651,375,,,,,,,,
10652,375,,,,,,,,
10653,375,,,,,,,,
10654,375,,,,,,,,
10655,375,,,,,,,,
10656,375,,,,,,,,
10657,375,,,,,,,,
10658,375,,,,,,,,
10659,375,,,,,,,,
10660,375,,,,,,,,
10661,375,,0.0007402980008919258,,,,,,
10662,375,0.001561720000609057,,,,,,,
10663,375,,,,,,,,
10664,375,,,,,,,,
10665,375,,,,,,,,
10666,375,,,,,,,,
10667,375,,,,,,,,
10668,375,,,,,,,,
10669,375,,,,,,,,
10670,375,,,,,,,,
10671,375,,,,,,,,
10672,375,,,,,,,,
10673,375,,,,,,,,
10674,375,,,,,,,,
10675,375,,,,,,,,
10676,375,,,,,,,,
10677,375,,,,,,,,
10678,375,,,,,,,,
10679,375,,,,,,,,
10680,375,,,,,,,,
10681,375,,,,,,,,
10682,375,,,,,,,,
10683,375,,,,,,,,
10684,375,,,,,,,,
10685,375,,,,,,,,
10686,375,,,,,,,,
10687,375,,,,,,,,
10688,375,,,,,,,,
10689,375,,0.0006677660021523479,,,,,,
10690,375,0.0016119860010803677,,,,,,,
10691,375,,,,,,,,
10692,375,,,,,,,,
10693,375,,,,,,,,
10694,375,,,,,,,,
10695,375,,,,,,,,
10696,375,,,,,,,,
10697,375,,,,,,,,
10698,375,,,,,,,,
10699,375,,,,,,,,
10700,375,,,,,,,,
10701,375,,,,,,,,
10702,375,,,,,,,,
10703,375,,,,,,,,
10704,375,,,,,,,,
10705,375,,,,,,,,
10706,375,,,,,,,,
10707,375,,,,,,,,
10708,375,,,,,,,,
10709,375,,,,,,,,
10710,375,,,,,,,,
10711,375,,,,,,,,
10712,375,,,,,,,,
10713,375,,,,,,,,
10714,375,,,,,,,,
10715,380,,,0.9429280397022333,1,1.600000023841858,0,1.600000023841858,0
10716,380,,,,,,,,
10717,380,,,,,,,,
10718,380,,0.000615339999058051,,,,,,
10719,380,0.0014234339978429489,,,,,,,
10720,380,,,,,,,,
10721,380,,,,,,,,
10722,380,,,,,,,,
10723,380,,,,,,,,
10724,380,,,,,,,,
10725,380,,,,,,,,
10726,380,,,,,,,,
10727,380,,,,,,,,
10728,380,,,,,,,,
10729,380,,,,,,,,
10730,380,,,,,,,,
10731,380,,,,,,,,
10732,380,,,,,,,,
10733,380,,,,,,,,
10734,380,,,,,,,,
10735,380,,,,,,,,
10736,380,,,,,,,,
10737,380,,,,,,,,
10738,380,,,,,,,,
10739,380,,,,,,,,
10740,380,,,,,,,,
10741,380,,,,,,,,
10742,380,,,,,,,,
10743,380,,,,,,,,
10744,380,,,,,,,,
10745,380,,,,,,,,
10746,380,,0.0006727270010742359,,,,,,
10747,380,0.0017042439976648893,,,,,,,
10748,380,,,,,,,,
10749,380,,,,,,,,
10750,380,,,,,,,,
10751,380,,,,,,,,
10752,380,,,,,,,,
10753,380,,,,,,,,
10754,380,,,,,,,,
10755,380,,,,,,,,
10756,380,,,,,,,,
10757,380,,,,,,,,
10758,380,,,,,,,,
10759,380,,,,,,,,
10760,380,,,,,,,,
10761,380,,,,,,,,
10762,380,,,,,,,,
10763,380,,,,,,,,
10764,380,,,,,,,,
10765,380,,,,,,,,
10766,380,,,,,,,,
10767,380,,,,,,,,
10768,380,,,,,,,,
10769,380,,,,,,,,
10770,380,,,,,,,,
10771,380,,,,,,,,
10772,380,,,,,,,,
10773,380,,,,,,,,
10774,380,,0.0006798009999329224,,,,,,
10775,380,0.001529159999336116,,,,,,,
10776,380,,,,,,,,
10777,380,,,,,,,,
10778,380,,,,,,,,
10779,380,,,,,,,,
10780,380,,,,,,,,
10781,380,,,,,,,,
10782,380,,,,,,,,
10783,380,,,,,,,,
10784,380,,,,,,,,
10785,380,,,,,,,,
10786,380,,,,,,,,
10787,380,,,,,,,,
10788,380,,,,,,,,
10789,380,,,,,,,,
10790,380,,,,,,,,
10791,380,,,,,,,,
10792,380,,,,,,,,
10793,380,,,,,,,,
10794,380,,,,,,,,
10795,380,,,,,,,,
10796,380,,,,,,,,
10797,380,,,,,,,,
10798,380,,,,,,,,
10799,380,,,,,,,,
10800,380,,,,,,,,
10801,380,,,,,,,,
10802,380,,0.0006381509992934298,,,,,,
10803,380,0.0015558209997834638,,,,,,,
10804,380,,,,,,,,
10805,380,,,,,,,,
10806,380,,,,,,,,
10807,380,,,,,,,,
10808,380,,,,,,,,
10809,380,,,,,,,,
10810,380,,,,,,,,
10811,380,,,,,,,,
10812,380,,,,,,,,
10813,380,,,,,,,,
10814,380,,,,,,,,
10815,380,,,,,,,,
10816,380,,,,,,,,
10817,380,,,,,,,,
10818,380,,,,,,,,
10819,380,,,,,,,,
10820,380,,,,,,,,
10821,380,,,,,,,,
10822,380,,,,,,,,
10823,380,,,,,,,,
10824,380,,,,,,,,
10825,380,,,,,,,,
10826,380,,,,,,,,
10827,380,,,,,,,,
10828,380,,,,,,,,
10829,380,,,,,,,,
10830,380,,0.0006647019981755875,,,,,,
10831,380,0.0015686380029364955,,,,,,,
10832,380,,,,,,,,
10833,380,,,,,,,,
10834,380,,,,,,,,
10835,380,,,,,,,,
10836,380,,,,,,,,
10837,380,,,,,,,,
10838,380,,,,,,,,
10839,380,,,,,,,,
10840,380,,,,,,,,
10841,380,,,,,,,,
10842,380,,,,,,,,
10843,380,,,,,,,,
10844,380,,,,,,,,
10845,380,,,,,,,,
10846,380,,,,,,,,
10847,380,,,,,,,,
10848,380,,,,,,,,
10849,380,,,,,,,,
10850,380,,,,,,,,
10851,380,,,,,,,,
10852,380,,,,,,,,
10853,380,,,,,,,,
10854,380,,,,,,,,
10855,380,,,,,,,,
10856,385,,,0.9553349875930521,1,1.600000023841858,0,1.600000023841858,0
10857,385,,,,,,,,
10858,385,,,,,,,,
10859,385,,0.0007001060002949089,,,,,,
10860,385,0.0016657259984640405,,,,,,,
10861,385,,,,,,,,
10862,385,,,,,,,,
10863,385,,,,,,,,
10864,385,,,,,,,,
10865,385,,,,,,,,
10866,385,,,,,,,,
10867,385,,,,,,,,
10868,385,,,,,,,,
10869,385,,,,,,,,
10870,385,,,,,,,,
10871,385,,,,,,,,
10872,385,,,,,,,,
10873,385,,,,,,,,
10874,385,,,,,,,,
10875,385,,,,,,,,
10876,385,,,,,,,,
10877,385,,,,,,,,
10878,385,,,,,,,,
10879,385,,,,,,,,
10880,385,,,,,,,,
10881,385,,,,,,,,
10882,385,,,,,,,,
10883,385,,,,,,,,
10884,385,,,,,,,,
10885,385,,,,,,,,
10886,385,,,,,,,,
10887,385,,0.0007229969996842556,,,,,,
10888,385,0.0015798169988556765,,,,,,,
10889,385,,,,,,,,
10890,385,,,,,,,,
10891,385,,,,,,,,
10892,385,,,,,,,,
10893,385,,,,,,,,
10894,385,,,,,,,,
10895,385,,,,,,,,
10896,385,,,,,,,,
10897,385,,,,,,,,
10898,385,,,,,,,,
10899,385,,,,,,,,
10900,385,,,,,,,,
10901,385,,,,,,,,
10902,385,,,,,,,,
10903,385,,,,,,,,
10904,385,,,,,,,,
10905,385,,,,,,,,
10906,385,,,,,,,,
10907,385,,,,,,,,
10908,385,,,,,,,,
10909,385,,,,,,,,
10910,385,,,,,,,,
10911,385,,,,,,,,
10912,385,,,,,,,,
10913,385,,,,,,,,
10914,385,,,,,,,,
10915,385,,0.0007288900014827959,,,,,,
10916,385,0.001759997998306062,,,,,,,
10917,385,,,,,,,,
10918,385,,,,,,,,
10919,385,,,,,,,,
10920,385,,,,,,,,
10921,385,,,,,,,,
10922,385,,,,,,,,
10923,385,,,,,,,,
10924,385,,,,,,,,
10925,385,,,,,,,,
10926,385,,,,,,,,
10927,385,,,,,,,,
10928,385,,,,,,,,
10929,385,,,,,,,,
10930,385,,,,,,,,
10931,385,,,,,,,,
10932,385,,,,,,,,
10933,385,,,,,,,,
10934,385,,,,,,,,
10935,385,,,,,,,,
10936,385,,,,,,,,
10937,385,,,,,,,,
10938,385,,,,,,,,
10939,385,,,,,,,,
10940,385,,,,,,,,
10941,385,,,,,,,,
10942,385,,,,,,,,
10943,385,,0.0006990789988776669,,,,,,
10944,385,0.0015950900015013758,,,,,,,
10945,385,,,,,,,,
10946,385,,,,,,,,
10947,385,,,,,,,,
10948,385,,,,,,,,
10949,385,,,,,,,,
10950,385,,,,,,,,
10951,385,,,,,,,,
10952,385,,,,,,,,
10953,385,,,,,,,,
10954,385,,,,,,,,
10955,385,,,,,,,,
10956,385,,,,,,,,
10957,385,,,,,,,,
10958,385,,,,,,,,
10959,385,,,,,,,,
10960,385,,,,,,,,
10961,385,,,,,,,,
10962,385,,,,,,,,
10963,385,,,,,,,,
10964,385,,,,,,,,
10965,385,,,,,,,,
10966,385,,,,,,,,
10967,385,,,,,,,,
10968,385,,,,,,,,
10969,385,,,,,,,,
10970,385,,,,,,,,
10971,385,,0.0006495900015579537,,,,,,
10972,385,0.0015695279980718624,,,,,,,
10973,385,,,,,,,,
10974,385,,,,,,,,
10975,385,,,,,,,,
10976,385,,,,,,,,
10977,385,,,,,,,,
10978,385,,,,,,,,
10979,385,,,,,,,,
10980,385,,,,,,,,
10981,385,,,,,,,,
10982,385,,,,,,,,
10983,385,,,,,,,,
10984,385,,,,,,,,
10985,385,,,,,,,,
10986,385,,,,,,,,
10987,385,,,,,,,,
10988,385,,,,,,,,
10989,385,,,,,,,,
10990,385,,,,,,,,
10991,385,,,,,,,,
10992,385,,,,,,,,
10993,385,,,,,,,,
10994,385,,,,,,,,
10995,385,,,,,,,,
10996,385,,,,,,,,
10997,390,,,0.967741935483871,0.9,1.5787500381469726,0.08500000834465027,1.5787500381469726,0.08500000834465027
10998,390,,,,,,,,
10999,390,,,,,,,,
11000,390,,0.0006843850023869891,,,,,,
11001,390,0.0015462120027223136,,,,,,,
11002,390,,,,,,,,
11003,390,,,,,,,,
11004,390,,,,,,,,
11005,390,,,,,,,,
11006,390,,,,,,,,
11007,390,,,,,,,,
11008,390,,,,,,,,
11009,390,,,,,,,,
11010,390,,,,,,,,
11011,390,,,,,,,,
11012,390,,,,,,,,
11013,390,,,,,,,,
11014,390,,,,,,,,
11015,390,,,,,,,,
11016,390,,,,,,,,
11017,390,,,,,,,,
11018,390,,,,,,,,
11019,390,,,,,,,,
11020,390,,,,,,,,
11021,390,,,,,,,,
11022,390,,,,,,,,
11023,390,,,,,,,,
11024,390,,,,,,,,
11025,390,,,,,,,,
11026,390,,,,,,,,
11027,390,,,,,,,,
11028,390,,0.000668499997118488,,,,,,
11029,390,0.0015448910016857553,,,,,,,
11030,390,,,,,,,,
11031,390,,,,,,,,
11032,390,,,,,,,,
11033,390,,,,,,,,
11034,390,,,,,,,,
11035,390,,,,,,,,
11036,390,,,,,,,,
11037,390,,,,,,,,
11038,390,,,,,,,,
11039,390,,,,,,,,
11040,390,,,,,,,,
11041,390,,,,,,,,
11042,390,,,,,,,,
11043,390,,,,,,,,
11044,390,,,,,,,,
11045,390,,,,,,,,
11046,390,,,,,,,,
11047,390,,,,,,,,
11048,390,,,,,,,,
11049,390,,,,,,,,
11050,390,,,,,,,,
11051,390,,,,,,,,
11052,390,,,,,,,,
11053,390,,,,,,,,
11054,390,,,,,,,,
11055,390,,,,,,,,
11056,390,,0.0006671529990853742,,,,,,
11057,390,0.0016549300016777124,,,,,,,
11058,390,,,,,,,,
11059,390,,,,,,,,
11060,390,,,,,,,,
11061,390,,,,,,,,
11062,390,,,,,,,,
11063,390,,,,,,,,
11064,390,,,,,,,,
11065,390,,,,,,,,
11066,390,,,,,,,,
11067,390,,,,,,,,
11068,390,,,,,,,,
11069,390,,,,,,,,
11070,390,,,,,,,,
11071,390,,,,,,,,
11072,390,,,,,,,,
11073,390,,,,,,,,
11074,390,,,,,,,,
11075,390,,,,,,,,
11076,390,,,,,,,,
11077,390,,,,,,,,
11078,390,,,,,,,,
11079,390,,,,,,,,
11080,390,,,,,,,,
11081,390,,,,,,,,
11082,390,,,,,,,,
11083,390,,,,,,,,
11084,390,,0.0006416369978978764,,,,,,
11085,390,0.001555047001602361,,,,,,,
11086,390,,,,,,,,
11087,390,,,,,,,,
11088,390,,,,,,,,
11089,390,,,,,,,,
11090,390,,,,,,,,
11091,390,,,,,,,,
11092,390,,,,,,,,
11093,390,,,,,,,,
11094,390,,,,,,,,
11095,390,,,,,,,,
11096,390,,,,,,,,
11097,390,,,,,,,,
11098,390,,,,,,,,
11099,390,,,,,,,,
11100,390,,,,,,,,
11101,390,,,,,,,,
11102,390,,,,,,,,
11103,390,,,,,,,,
11104,390,,,,,,,,
11105,390,,,,,,,,
11106,390,,,,,,,,
11107,390,,,,,,,,
11108,390,,,,,,,,
11109,390,,,,,,,,
11110,390,,,,,,,,
11111,390,,,,,,,,
11112,390,,0.0006579260007129051,,,,,,
11113,390,0.001414424001268344,,,,,,,
11114,390,,,,,,,,
11115,390,,,,,,,,
11116,390,,,,,,,,
11117,390,,,,,,,,
11118,390,,,,,,,,
11119,390,,,,,,,,
11120,390,,,,,,,,
11121,390,,,,,,,,
11122,390,,,,,,,,
11123,390,,,,,,,,
11124,390,,,,,,,,
11125,390,,,,,,,,
11126,390,,,,,,,,
11127,390,,,,,,,,
11128,390,,,,,,,,
11129,390,,,,,,,,
11130,390,,,,,,,,
11131,390,,,,,,,,
11132,390,,,,,,,,
11133,390,,,,,,,,
11134,390,,,,,,,,
11135,390,,,,,,,,
11136,390,,,,,,,,
11137,390,,,,,,,,
11138,395,,,0.9801488833746899,1,1.600000023841858,0,1.600000023841858,0
11139,395,,,,,,,,
11140,395,,,,,,,,
11141,395,,0.0006571400008397177,,,,,,
11142,395,0.0015620129997842014,,,,,,,
11143,395,,,,,,,,
11144,395,,,,,,,,
11145,395,,,,,,,,
11146,395,,,,,,,,
11147,395,,,,,,,,
11148,395,,,,,,,,
11149,395,,,,,,,,
11150,395,,,,,,,,
11151,395,,,,,,,,
11152,395,,,,,,,,
11153,395,,,,,,,,
11154,395,,,,,,,,
11155,395,,,,,,,,
11156,395,,,,,,,,
11157,395,,,,,,,,
11158,395,,,,,,,,
11159,395,,,,,,,,
11160,395,,,,,,,,
11161,395,,,,,,,,
11162,395,,,,,,,,
11163,395,,,,,,,,
11164,395,,,,,,,,
11165,395,,,,,,,,
11166,395,,,,,,,,
11167,395,,,,,,,,
11168,395,,,,,,,,
11169,395,,0.000653626997518586,,,,,,
11170,395,0.0015948439977364615,,,,,,,
11171,395,,,,,,,,
11172,395,,,,,,,,
11173,395,,,,,,,,
11174,395,,,,,,,,
11175,395,,,,,,,,
11176,395,,,,,,,,
11177,395,,,,,,,,
11178,395,,,,,,,,
11179,395,,,,,,,,
11180,395,,,,,,,,
11181,395,,,,,,,,
11182,395,,,,,,,,
11183,395,,,,,,,,
11184,395,,,,,,,,
11185,395,,,,,,,,
11186,395,,,,,,,,
11187,395,,,,,,,,
11188,395,,,,,,,,
11189,395,,,,,,,,
11190,395,,,,,,,,
11191,395,,,,,,,,
11192,395,,,,,,,,
11193,395,,,,,,,,
11194,395,,,,,,,,
11195,395,,,,,,,,
11196,395,,,,,,,,
11197,395,,0.0006840220012236387,,,,,,
11198,395,0.0015177829991444014,,,,,,,
11199,395,,,,,,,,
11200,395,,,,,,,,
11201,395,,,,,,,,
11202,395,,,,,,,,
11203,395,,,,,,,,
11204,395,,,,,,,,
11205,395,,,,,,,,
11206,395,,,,,,,,
11207,395,,,,,,,,
11208,395,,,,,,,,
11209,395,,,,,,,,
11210,395,,,,,,,,
11211,395,,,,,,,,
11212,395,,,,,,,,
11213,395,,,,,,,,
11214,395,,,,,,,,
11215,395,,,,,,,,
11216,395,,,,,,,,
11217,395,,,,,,,,
11218,395,,,,,,,,
11219,395,,,,,,,,
11220,395,,,,,,,,
11221,395,,,,,,,,
11222,395,,,,,,,,
11223,395,,,,,,,,
11224,395,,,,,,,,
11225,395,,0.0006601130007766187,,,,,,
11226,395,0.0015444040000147652,,,,,,,
11227,395,,,,,,,,
11228,395,,,,,,,,
11229,395,,,,,,,,
11230,395,,,,,,,,
11231,395,,,,,,,,
11232,395,,,,,,,,
11233,395,,,,,,,,
11234,395,,,,,,,,
11235,395,,,,,,,,
11236,395,,,,,,,,
11237,395,,,,,,,,
11238,395,,,,,,,,
11239,395,,,,,,,,
11240,395,,,,,,,,
11241,395,,,,,,,,
11242,395,,,,,,,,
11243,395,,,,,,,,
11244,395,,,,,,,,
11245,395,,,,,,,,
11246,395,,,,,,,,
11247,395,,,,,,,,
11248,395,,,,,,,,
11249,395,,,,,,,,
11250,395,,,,,,,,
11251,395,,,,,,,,
11252,395,,,,,,,,
11253,395,,0.0006744710008206312,,,,,,
11254,395,0.0017550369993841741,,,,,,,
11255,395,,,,,,,,
11256,395,,,,,,,,
11257,395,,,,,,,,
11258,395,,,,,,,,
11259,395,,,,,,,,
11260,395,,,,,,,,
11261,395,,,,,,,,
11262,395,,,,,,,,
11263,395,,,,,,,,
11264,395,,,,,,,,
11265,395,,,,,,,,
11266,395,,,,,,,,
11267,395,,,,,,,,
11268,395,,,,,,,,
11269,395,,,,,,,,
11270,395,,,,,,,,
11271,395,,,,,,,,
11272,395,,,,,,,,
11273,395,,,,,,,,
11274,395,,,,,,,,
11275,395,,,,,,,,
11276,395,,,,,,,,
11277,395,,,,,,,,
11278,395,,,,,,,,
11279,400,,,0.9925558312655087,1,1.600000023841858,0,1.600000023841858,0
11280,400,,,,,,,,
11281,400,,,,,,,,
11282,400,,0.0006372589996317402,,,,,,
11283,400,0.0015043690000311472,,,,,,,
11284,400,,,,,,,,
11285,400,,,,,,,,
11286,400,,,,,,,,
11287,400,,,,,,,,
11288,400,,,,,,,,
11289,400,,,,,,,,
11290,400,,,,,,,,
11291,400,,,,,,,,
11292,400,,,,,,,,
11293,400,,,,,,,,
11294,400,,,,,,,,
11295,400,,,,,,,,
11296,400,,,,,,,,
11297,400,,,,,,,,
11298,400,,,,,,,,
11299,400,,,,,,,,
11300,400,,,,,,,,
11301,400,,,,,,,,
11302,400,,,,,,,,
11303,400,,,,,,,,
11304,400,,,,,,,,
11305,400,,,,,,,,
11306,400,,,,,,,,
11307,400,,,,,,,,
11308,400,,,,,,,,
11309,400,,,,,,,,
11310,400,,0.0006957769983273465,,,,,,
11311,400,0.0015995480025594588,,,,,,,
11312,400,,,,,,,,
11313,400,,,,,,,,
11314,400,,,,,,,,
11315,400,,,,,,,,
11316,400,,,,,,,,
11317,400,,,,,,,,
11318,400,,,,,,,,
11319,400,,,,,,,,
11320,400,,,,,,,,
11321,400,,,,,,,,
11322,400,,,,,,,,
11323,400,,,,,,,,
11324,400,,,,,,,,
11325,400,,,,,,,,
11326,400,,,,,,,,
11327,400,,,,,,,,
11328,400,,,,,,,,
11329,400,,,,,,,,
11330,400,,,,,,,,
11331,400,,,,,,,,
11332,400,,,,,,,,
11333,400,,,,,,,,
11334,400,,,,,,,,
11335,400,,,,,,,,
11336,400,,,,,,,,
11337,400,,,,,,,,
11338,400,,0.0006546000004163943,,,,,,
11339,400,0.001657277000049362,,,,,,,
11340,400,,,,,,,,
11341,400,,,,,,,,
11342,400,,,,,,,,
11343,400,,,,,,,,
11344,400,,,,,,,,
11345,400,,,,,,,,
11346,400,,,,,,,,
11347,400,,,,,,,,
11348,400,,,,,,,,
11349,400,,,,,,,,
11350,400,,,,,,,,
11351,400,,,,,,,,
11352,400,,,,,,,,
11353,400,,,,,,,,
11354,400,,,,,,,,
11355,400,,,,,,,,
11356,400,,,,,,,,
11357,400,,,,,,,,
11358,400,,,,,,,,
11359,400,,,,,,,,
11360,400,,,,,,,,
11361,400,,,,,,,,
11362,400,,,,,,,,
11363,400,,,,,,,,
11364,403,,,1,0.8333333333333334,1.5812500317891438,0.07500000298023224,1.5812500317891438,0.07500000298023224
