{
  "arm": "grpo",
  "n": 162,
  "n_resamples": 1000,
  "summary": {
    "OVERALL": {
      "solve_rate": [
        0.0,
        0.0,
        0.0
      ],
      "groups_correct": [
        0.024691358024691357,
        0.0,
        0.05555555555555555
      ],
      "one_away_rate": [
        0.0,
        0.0,
        0.0
      ],
      "invalid_rate": [
        0.006172839506172839,
        0.0,
        0.018518518518518517
      ],
      "reward": [
        0.125,
        0.11604166666666667,
        0.13641975308641976
      ]
    },
    "category": {
      "solve_rate": [
        0.0,
        0.0,
        0.0
      ],
      "groups_correct": [
        0.014492753623188406,
        0.0,
        0.043478260869565216
      ],
      "one_away_rate": [
        0.0,
        0.0,
        0.0
      ],
      "invalid_rate": [
        0.0,
        0.0,
        0.0
      ],
      "reward": [
        0.11884057971014494,
        0.1108695652173913,
        0.1282608695652174
      ]
    },
    "cultural": {
      "solve_rate": [
        0.0,
        0.0,
        0.0
      ],
      "groups_correct": [
        0.07142857142857142,
        0.0,
        0.21428571428571427
      ],
      "one_away_rate": [
        0.0,
        0.0,
        0.0
      ],
      "invalid_rate": [
        0.03571428571428571,
        0.0,
        0.10714285714285714
      ],
      "reward": [
        0.13214285714285715,
        0.09642857142857143,
        0.1875446428571428
      ]
    },
    "tag-fillin": {
      "solve_rate": [
        0.0,
        0.0,
        0.0
      ],
      "groups_correct": [
        0.025,
        0.0,
        0.1
      ],
      "one_away_rate": [
        0.0,
        0.0,
        0.0
      ],
      "invalid_rate": [
        0.0,
        0.0,
        0.0
      ],
      "reward": [
        0.13125,
        0.11750000000000001,
        0.15375
      ]
    },
    "wordplay": {
      "solve_rate": [
        0.0,
        0.0,
        0.0
      ],
      "groups_correct": [
        0.0,
        0.0,
        0.0
      ],
      "one_away_rate": [
        0.0,
        0.0,
        0.0
      ],
      "invalid_rate": [
        0.0,
        0.0,
        0.0
      ],
      "reward": [
        0.12380952380952381,
        0.10952380952380954,
        0.14047619047619048
      ]
    },
    "silent-letter": {
      "solve_rate": [
        0.0,
        0.0,
        0.0
      ],
      "groups_correct": [
        0.0,
        0.0,
        0.0
      ],
      "one_away_rate": [
        0.0,
        0.0,
        0.0
      ],
      "invalid_rate": [
        0.0,
        0.0,
        0.0
      ],
      "reward": [
        0.125,
        0.1,
        0.15000000000000002
      ]
    }
  },
  "groups_correct_distribution": {
    "0": 159,
    "1": 2,
    "2": 1,
    "3": 0,
    "4": 0
  }
}